name,nationality,year,rating,roles
GuardiaN,Slovakia,2015,1.18,AWP
NiKo,Bosnia,2015,1.15,IGL|Pack Rifler|Anchor
device,Denmark,2015,1.14,AWP
oskar,Czechia,2015,1.14,AWP
s1mple,Ukraine,2015,1.13,AWP|Pack Rifler
kennyS,France,2015,1.13,AWP
olofmeister,Sweden,2015,1.11,Pack Rifler|Anchor
f0rest,Sweden,2015,1.11,Pack Rifler
rain,Norway,2015,1.11,IGL|Pack Rifler|Anchor
aizy,Denmark,2015,1.10,Pack Rifler
KRIMZ,Sweden,2015,1.10,Pack Rifler|Anchor
Happy,France,2015,1.10,Pack Rifler
SZPERO,Poland,2015,1.10,Anchor
WorldEdit,Russia,2015,1.09,AWP
coldzera,Brazil,2015,1.08,Anchor
flamie,Russia,2015,1.08,Anchor
nitr0,USA,2015,1.08,IGL|Pack Rifler|Anchor
flusha,Sweden,2015,1.07,Anchor
Skadoodle,USA,2015,1.07,AWP
jdm64,USA,2015,1.06,AWP
GeT_RiGhT,Sweden,2015,1.06,Anchor
dream3r,Bulgaria,2015,1.05,Anchor
dupreeh,Denmark,2015,1.05,Pack Rifler|Anchor
Snax,Poland,2015,1.05,IGL|Anchor
Xyp9x,Denmark,2015,1.04,Anchor
NBK-,France,2015,1.04,IGL|Anchor
MICHU,Poland,2015,1.04,Pack Rifler|Anchor
chrisJ,Netherlands,2015,1.04,IGL|AWP|Pack Rifler|Anchor
shox,France,2015,1.04,Pack Rifler
bondik,Ukraine,2015,1.04,Anchor
jkaem,Norway,2015,1.04,Anchor
dennis,Sweden,2015,1.03,Anchor
ScreaM,Belgium,2015,1.03,Pack Rifler
Hiko,USA,2015,1.03,Pack Rifler
allu,Finland,2015,1.02,AWP
seized,Russia,2015,1.02,Anchor
apEX,France,2015,1.02,IGL|Pack Rifler|Anchor
fer,Brazil,2015,1.02,Pack Rifler|Anchor
cajunb,Denmark,2015,1.01,Anchor
FalleN,Brazil,2015,1.01,IGL|AWP
fox,Portugal,2015,1.01,Anchor
JW,Sweden,2015,1.01,IGL|AWP
Kjaerbye,Denmark,2015,1.00,Pack Rifler|Anchor
Pimp,Denmark,2015,1.00,Anchor
shroud,Canada,2015,0.99,Pack Rifler
pashaBiceps,Poland,2015,0.99,Pack Rifler
byali,Poland,2015,0.99,Pack Rifler
n0thing,USA,2015,0.98,Pack Rifler|Anchor
karrigan,Denmark,2015,0.98,IGL
kioShiMa,France,2015,0.98,Pack Rifler
TENZKI,Denmark,2015,0.98,Anchor
nex,Germany,2015,0.98,Anchor
tarik,USA,2015,0.97,Pack Rifler|Anchor
markeloff,Ukraine,2015,0.97,AWP
adreN,USA,2015,0.97,Pack Rifler|Anchor
v1c7oR,Bulgaria,2015,0.97,Pack Rifler|Anchor
Xizt,Sweden,2015,0.97,IGL|Anchor
NEO,Poland,2015,0.96,Pack Rifler|Anchor
EliGE,USA,2015,0.96,Pack Rifler
Maikelele,Sweden,2015,0.96,Pack Rifler|Anchor
RpK,France,2015,0.96,Anchor
innocent,Poland,2015,0.95,Anchor
znajder,Sweden,2015,0.95,Anchor
FugLy,USA,2015,0.95,Anchor
ANGE1,Ukraine,2015,0.95,Anchor
Edward,Ukraine,2015,0.94,Anchor
reltuC,USA,2015,0.94,Anchor
Furlan,Poland,2015,0.94,Anchor
TaZ,Poland,2015,0.94,IGL|Anchor
hazed,USA,2015,0.94,Anchor
freakazoid,USA,2015,0.93,Pack Rifler|Anchor
spyleadeR,Bulgaria,2015,0.93,Pack Rifler|Anchor
bubble,Bulgaria,2015,0.92,Pack Rifler|Anchor
Zeus,Ukraine,2015,0.92,IGL
boltz,Brazil,2015,0.92,Pack Rifler|Anchor
DavCost,Russia,2015,0.92,Anchor
Ex6TenZ,Belgium,2015,0.90,Pack Rifler|Anchor
friberg,Sweden,2015,0.90,Pack Rifler|Anchor
STYKO,Slovakia,2015,0.90,IGL|Pack Rifler|Anchor
SmithZz,France,2015,0.89,Pack Rifler|Anchor
FNS,Canada,2015,0.89,Pack Rifler|Anchor
oskarish,Poland,2015,0.88,Pack Rifler|Anchor
steel,Brazil,2015,0.86,Pack Rifler|Anchor
denis,Germany,2015,0.86,Pack Rifler|Anchor
kUcheR,Russia,2015,0.85,Anchor
MSL,Denmark,2015,0.85,IGL|AWP
pronax,Sweden,2015,0.82,IGL|Anchor
B1ad3,Ukraine,2015,0.81,IGL
nkl,Bulgaria,2015,0.78,Anchor
gob b,Germany,2015,0.73,IGL|Anchor
Loord,Poland,2015,0.69,Anchor
oskar,Czechia,2016,1.19,AWP
coldzera,Brazil,2016,1.19,Anchor
device,Denmark,2016,1.17,AWP
NiKo,Bosnia,2016,1.16,IGL|Pack Rifler|Anchor
s1mple,Ukraine,2016,1.13,AWP|Pack Rifler
shox,France,2016,1.12,Pack Rifler
HEN1,Brazil,2016,1.12,AWP|Pack Rifler
autimatic,USA,2016,1.11,AWP|Pack Rifler
ScreaM,Belgium,2016,1.11,Pack Rifler
FalleN,Brazil,2016,1.10,IGL|AWP
Magisk,Denmark,2016,1.10,IGL|Pack Rifler|Anchor
kennyS,France,2016,1.10,AWP
flusha,Sweden,2016,1.10,Anchor
twist,Sweden,2016,1.09,Pack Rifler|Anchor
f0rest,Sweden,2016,1.09,Pack Rifler
dennis,Sweden,2016,1.08,Anchor
Kjaerbye,Denmark,2016,1.08,Pack Rifler|Anchor
GuardiaN,Slovakia,2016,1.08,AWP
GeT_RiGhT,Sweden,2016,1.07,Anchor
olofmeister,Sweden,2016,1.07,Pack Rifler|Anchor
dupreeh,Denmark,2016,1.07,Pack Rifler|Anchor
mixwell,Spain,2016,1.07,Pack Rifler|Anchor
k0nfig,Denmark,2016,1.07,Pack Rifler|Anchor
cajunb,Denmark,2016,1.07,Anchor
WorldEdit,Russia,2016,1.07,AWP
rain,Norway,2016,1.06,IGL|Pack Rifler|Anchor
valde,Denmark,2016,1.06,IGL|Pack Rifler|Anchor
bubble,Bulgaria,2016,1.06,Pack Rifler|Anchor
fer,Brazil,2016,1.06,Pack Rifler|Anchor
flamie,Russia,2016,1.05,Anchor
boltz,Brazil,2016,1.05,Pack Rifler|Anchor
shroud,Canada,2016,1.04,Pack Rifler
JW,Sweden,2016,1.04,IGL|AWP
AdreN,Kazakhstan,2016,1.04,Pack Rifler|Anchor
Furlan,Poland,2016,1.04,Anchor
znajder,Sweden,2016,1.03,Anchor
STYKO,Slovakia,2016,1.03,IGL|Pack Rifler|Anchor
Stewie2K,USA,2016,1.03,Pack Rifler|Anchor
Snax,Poland,2016,1.03,IGL|Anchor
fnx,Brazil,2016,1.03,Pack Rifler|Anchor
dream3r,Bulgaria,2016,1.03,Anchor
chrisJ,Netherlands,2016,1.03,IGL|AWP|Pack Rifler|Anchor
nex,Germany,2016,1.03,Anchor
allu,Finland,2016,1.03,AWP
loWel,Spain,2016,1.02,Pack Rifler|Anchor
felps,Brazil,2016,1.02,Pack Rifler|Anchor
RUSH,USA,2016,1.02,Pack Rifler|Anchor
DeadFox,Hungary,2016,1.01,Pack Rifler|Anchor
mou,Kazakhstan,2016,1.01,AWP
Skadoodle,USA,2016,1.01,AWP
EliGE,USA,2016,1.00,Pack Rifler
Happy,France,2016,1.00,Pack Rifler
jks,Australia,2016,1.00,Pack Rifler|Anchor
ShahZaM,USA,2016,1.00,AWP
Lekr0,Sweden,2016,1.00,Pack Rifler|Anchor
byali,Poland,2016,1.00,Pack Rifler
aizy,Denmark,2016,1.00,Pack Rifler
tarik,USA,2016,1.00,Pack Rifler|Anchor
koosta,USA,2016,0.99,Pack Rifler|Anchor
Xyp9x,Denmark,2016,0.99,Anchor
AZR,Australia,2016,0.99,IGL|Anchor
disco doplan,Sweden,2016,0.99,Pack Rifler|Anchor
roca,USA,2016,0.99,Pack Rifler|Anchor
bondik,Ukraine,2016,0.99,Anchor
Edward,Ukraine,2016,0.99,Anchor
NAF,Canada,2016,0.99,Pack Rifler|Anchor
KRIMZ,Sweden,2016,0.99,Pack Rifler|Anchor
MODDII,Sweden,2016,0.99,Pack Rifler|Anchor
ryx,USA,2016,0.98,Pack Rifler|Anchor
SicK,USA,2016,0.98,Pack Rifler|Anchor
apEX,France,2016,0.98,IGL|Pack Rifler|Anchor
rallen,Poland,2016,0.98,Pack Rifler|Anchor
Hiko,USA,2016,0.97,Pack Rifler
seized,Russia,2016,0.97,Anchor
nitr0,USA,2016,0.97,IGL|Pack Rifler|Anchor
Rickeh,Australia,2016,0.97,Pack Rifler|Anchor
Xizt,Sweden,2016,0.97,IGL|Anchor
n0thing,USA,2016,0.97,Pack Rifler|Anchor
RpK,France,2016,0.97,Anchor
RUBINO,Norway,2016,0.97,Pack Rifler|Anchor
TaZ,Poland,2016,0.96,IGL|Anchor
TACO,Brazil,2016,0.96,Anchor
Relyks,USA,2016,0.96,Anchor
gla1ve,Denmark,2016,0.96,IGL|Anchor
somebody,China,2016,0.96,Pack Rifler|Anchor
pyth,Sweden,2016,0.96,AWP
stanislaw,Canada,2016,0.96,IGL|Anchor
LUCAS1,Brazil,2016,0.96,Pack Rifler|Anchor
jkaem,Norway,2016,0.96,Anchor
jdm64,USA,2016,0.96,AWP
bodyy,France,2016,0.96,Pack Rifler|Anchor
v1c7oR,Bulgaria,2016,0.95,Pack Rifler|Anchor
USTILO,Australia,2016,0.95,Pack Rifler|Anchor
Zero,Slovakia,2016,0.95,Pack Rifler|Anchor
NEO,Poland,2016,0.95,Pack Rifler|Anchor
Pimp,Denmark,2016,0.95,Anchor
NBK-,France,2016,0.95,IGL|Anchor
GruBy,Poland,2016,0.95,Pack Rifler|Anchor
friberg,Sweden,2016,0.94,Pack Rifler|Anchor
Ex6TenZ,Belgium,2016,0.94,Pack Rifler|Anchor
markeloff,Ukraine,2016,0.94,AWP
kioShiMa,France,2016,0.94,Pack Rifler
Spiidi,Germany,2016,0.94,Pack Rifler|Anchor
DD,China,2016,0.94,Pack Rifler|Anchor
fox,Portugal,2016,0.93,Anchor
Friis,Denmark,2016,0.93,Pack Rifler|Anchor
captainMo,China,2016,0.93,Pack Rifler|Anchor
Zeus,Ukraine,2016,0.93,IGL
SEMPHIS,Canada,2016,0.93,IGL|Anchor
pashaBiceps,Poland,2016,0.93,Pack Rifler
TENZKI,Denmark,2016,0.92,Anchor
ANGE1,Ukraine,2016,0.92,Anchor
Dosia,Russia,2016,0.91,Pack Rifler|Anchor
just9n,USA,2016,0.91,Pack Rifler|Anchor
SmithZz,France,2016,0.91,Pack Rifler|Anchor
Maikelele,Sweden,2016,0.91,Pack Rifler|Anchor
wenton,Sweden,2016,0.90,Pack Rifler|Anchor
karrigan,Denmark,2016,0.90,IGL
Summer,China,2016,0.89,Pack Rifler|Anchor
hazed,USA,2016,0.89,Anchor
SIXER,France,2016,0.89,Pack Rifler|Anchor
Attacker,China,2016,0.89,Pack Rifler|Anchor
spyleadeR,Bulgaria,2016,0.89,Pack Rifler|Anchor
denis,Germany,2016,0.89,Pack Rifler|Anchor
electroNic,Russia,2016,0.89,IGL|Pack Rifler|Anchor
DEVIL,France,2016,0.88,Pack Rifler|Anchor
Hyper,Poland,2016,0.88,Pack Rifler|Anchor
SHOOWTiME,Brazil,2016,0.88,Pack Rifler|Anchor
freakazoid,USA,2016,0.87,Pack Rifler|Anchor
repo,Poland,2016,0.87,Pack Rifler|Anchor
adreN,USA,2016,0.86,Pack Rifler|Anchor
FugLy,USA,2016,0.86,Anchor
wayLander,Russia,2016,0.86,AWP|Pack Rifler|Anchor
Snappi,Denmark,2016,0.86,IGL|Anchor
yam,Australia,2016,0.86,Pack Rifler|Anchor
AcilioN,Denmark,2016,0.86,IGL|Anchor
Shara,Ukraine,2016,0.85,Pack Rifler|Anchor
reltuC,USA,2016,0.85,Anchor
daps,Canada,2016,0.85,IGL|Pack Rifler|Anchor
spaze,Russia,2016,0.85,Anchor
FNS,Canada,2016,0.84,Pack Rifler|Anchor
MSL,Denmark,2016,0.83,IGL|AWP
hooch,Russia,2016,0.82,IGL|Pack Rifler|Anchor
pronax,Sweden,2016,0.82,IGL|Anchor
seang@res,USA,2016,0.80,IGL|Pack Rifler|Anchor
zews,Brazil,2016,0.80,IGL|Pack Rifler|Anchor
nkl,Bulgaria,2016,0.79,Anchor
Slemmy,USA,2016,0.78,Pack Rifler|Anchor
B1ad3,Ukraine,2016,0.78,IGL
XANTARES,Turkey,2017,1.29,Pack Rifler
NiKo,Bosnia,2017,1.23,IGL|Pack Rifler|Anchor
s1mple,Ukraine,2017,1.22,AWP|Pack Rifler
coldzera,Brazil,2017,1.21,Anchor
fer,Brazil,2017,1.20,Pack Rifler|Anchor
rain,Norway,2017,1.17,IGL|Pack Rifler|Anchor
tabseN,Germany,2017,1.16,IGL|Pack Rifler|Anchor
device,Denmark,2017,1.15,AWP
Calyx,Turkey,2017,1.15,Pack Rifler|Anchor
oskar,Czechia,2017,1.15,AWP
Twistzz,Canada,2017,1.14,IGL|Pack Rifler|Anchor
paz,Turkey,2017,1.14,Pack Rifler|Anchor
k0nfig,Denmark,2017,1.14,Pack Rifler|Anchor
kennyS,France,2017,1.14,AWP
fnx,Brazil,2017,1.13,Pack Rifler|Anchor
EliGE,USA,2017,1.13,Pack Rifler
Lekr0,Sweden,2017,1.12,Pack Rifler|Anchor
ShahZaM,USA,2017,1.12,AWP
boltz,Brazil,2017,1.12,Pack Rifler|Anchor
dupreeh,Denmark,2017,1.12,Pack Rifler|Anchor
FalleN,Brazil,2017,1.11,IGL|AWP
Stewie2K,USA,2017,1.11,Pack Rifler|Anchor
NAF,Canada,2017,1.11,Pack Rifler|Anchor
JUGi,Denmark,2017,1.11,AWP|Pack Rifler|Anchor
nex,Germany,2017,1.11,Anchor
GuardiaN,Slovakia,2017,1.11,AWP
draken,Sweden,2017,1.11,AWP
olofmeister,Sweden,2017,1.10,Pack Rifler|Anchor
ropz,Estonia,2017,1.10,Pack Rifler|Anchor
suNny,Finland,2017,1.10,Pack Rifler|Anchor
HObbit,Kazakhstan,2017,1.10,Pack Rifler|Anchor
HS,Estonia,2017,1.09,Pack Rifler|Anchor
REZ,Sweden,2017,1.09,Pack Rifler|Anchor
Rickeh,Australia,2017,1.09,Pack Rifler|Anchor
GeT_RiGhT,Sweden,2017,1.09,Anchor
ScreaM,Belgium,2017,1.09,Pack Rifler
flamie,Russia,2017,1.08,Anchor
Magisk,Denmark,2017,1.08,IGL|Pack Rifler|Anchor
JW,Sweden,2017,1.08,IGL|AWP
autimatic,USA,2017,1.08,AWP|Pack Rifler
HEN1,Brazil,2017,1.08,AWP|Pack Rifler
Xyp9x,Denmark,2017,1.08,Anchor
amanek,France,2017,1.08,Pack Rifler|Anchor
AdreN,Kazakhstan,2017,1.08,Pack Rifler|Anchor
ANGE1,Ukraine,2017,1.08,Anchor
Kjaerbye,Denmark,2017,1.08,Pack Rifler|Anchor
cajunb,Denmark,2017,1.08,Anchor
f0rest,Sweden,2017,1.08,Pack Rifler
valde,Denmark,2017,1.07,IGL|Pack Rifler|Anchor
shox,France,2017,1.07,Pack Rifler
LUCAS1,Brazil,2017,1.07,Pack Rifler|Anchor
RpK,France,2017,1.07,Anchor
electroNic,Russia,2017,1.07,IGL|Pack Rifler|Anchor
apEX,France,2017,1.07,IGL|Pack Rifler|Anchor
twist,Sweden,2017,1.07,Pack Rifler|Anchor
NBK-,France,2017,1.07,IGL|Anchor
Ethan,USA,2017,1.06,Pack Rifler|Anchor
flusha,Sweden,2017,1.06,Anchor
mou,Kazakhstan,2017,1.06,AWP
felps,Brazil,2017,1.05,Pack Rifler|Anchor
mixwell,Spain,2017,1.05,Pack Rifler|Anchor
niko,Denmark,2017,1.05,Anchor
MICHU,Poland,2017,1.04,Pack Rifler|Anchor
ISSAA,Jordan,2017,1.04,Pack Rifler|Anchor
woxic,Turkey,2017,1.04,AWP
jks,Australia,2017,1.04,Pack Rifler|Anchor
allu,Finland,2017,1.04,AWP
Zero,Slovakia,2017,1.04,Pack Rifler|Anchor
Happy,France,2017,1.03,Pack Rifler
tarik,USA,2017,1.03,Pack Rifler|Anchor
pashaBiceps,Poland,2017,1.03,Pack Rifler
dennis,Sweden,2017,1.03,Anchor
USTILO,Australia,2017,1.03,Pack Rifler|Anchor
bodyy,France,2017,1.02,Pack Rifler|Anchor
byali,Poland,2017,1.02,Pack Rifler
Snax,Poland,2017,1.02,IGL|Anchor
KRIMZ,Sweden,2017,1.02,Pack Rifler|Anchor
kNgV-,Brazil,2017,1.02,Pack Rifler|Anchor
bondik,Ukraine,2017,1.02,Anchor
aizy,Denmark,2017,1.02,Pack Rifler
loWel,Spain,2017,1.02,Pack Rifler|Anchor
kioShiMa,France,2017,1.02,Pack Rifler
disco doplan,Sweden,2017,1.01,Pack Rifler|Anchor
RUSH,USA,2017,1.01,Pack Rifler|Anchor
koosta,USA,2017,1.01,Pack Rifler|Anchor
AZR,Australia,2017,1.01,IGL|Anchor
devoduvek,France,2017,1.01,Pack Rifler|Anchor
Skadoodle,USA,2017,1.01,AWP
steel,Brazil,2017,1.00,Pack Rifler|Anchor
Dosia,Russia,2017,1.00,Pack Rifler|Anchor
MAJ3R,Turkey,2017,1.00,IGL|Anchor
ngiN,Turkey,2017,1.00,Pack Rifler|Anchor
DeadFox,Hungary,2017,0.99,Pack Rifler|Anchor
gla1ve,Denmark,2017,0.99,IGL|Anchor
reltuC,USA,2017,0.99,Anchor
WorldEdit,Russia,2017,0.99,AWP
MODDII,Sweden,2017,0.99,Pack Rifler|Anchor
chrisJ,Netherlands,2017,0.99,IGL|AWP|Pack Rifler|Anchor
jdm64,USA,2017,0.99,AWP
Xizt,Sweden,2017,0.99,IGL|Anchor
Snappi,Denmark,2017,0.98,IGL|Anchor
fitch,Kazakhstan,2017,0.98,Pack Rifler|Anchor
Edward,Ukraine,2017,0.98,Anchor
Nifty,USA,2017,0.98,AWP
SZPERO,Poland,2017,0.98,Anchor
keev,Germany,2017,0.98,Pack Rifler|Anchor
stanislaw,Canada,2017,0.98,IGL|Anchor
STYKO,Slovakia,2017,0.98,IGL|Pack Rifler|Anchor
SicK,USA,2017,0.97,Pack Rifler|Anchor
nitr0,USA,2017,0.97,IGL|Pack Rifler|Anchor
denis,Germany,2017,0.97,Pack Rifler|Anchor
MSL,Denmark,2017,0.96,IGL|AWP
xms,France,2017,0.96,Pack Rifler|Anchor
TACO,Brazil,2017,0.96,Anchor
n0thing,USA,2017,0.96,Pack Rifler|Anchor
shroud,Canada,2017,0.96,Pack Rifler
znajder,Sweden,2017,0.96,Anchor
rallen,Poland,2017,0.95,Pack Rifler|Anchor
markeloff,Ukraine,2017,0.95,AWP
friberg,Sweden,2017,0.95,Pack Rifler|Anchor
karrigan,Denmark,2017,0.94,IGL
mouz,Poland,2017,0.94,Pack Rifler|Anchor
NEO,Poland,2017,0.94,Pack Rifler|Anchor
Spiidi,Germany,2017,0.94,Pack Rifler|Anchor
es3tag,Denmark,2017,0.93,AWP|Pack Rifler|Anchor
SIXER,France,2017,0.93,Pack Rifler|Anchor
Zeus,Ukraine,2017,0.93,IGL
Furlan,Poland,2017,0.92,Anchor
seized,Russia,2017,0.91,Anchor
TaZ,Poland,2017,0.90,IGL|Anchor
DESPE,Turkey,2017,0.90,Pack Rifler|Anchor
Golden,Sweden,2017,0.90,IGL|Anchor
gob b,Germany,2017,0.89,IGL|Anchor
LEGIJA,Germany,2017,0.88,IGL|Anchor
seang@res,USA,2017,0.88,IGL|Pack Rifler|Anchor
jasonR,Canada,2017,0.87,Pack Rifler|Anchor
wayLander,Russia,2017,0.87,AWP|Pack Rifler|Anchor
FNS,Canada,2017,0.84,Pack Rifler|Anchor
pronax,Sweden,2017,0.78,IGL|Anchor
B1ad3,Ukraine,2017,0.77,IGL
s1mple,Ukraine,2018,1.34,AWP|Pack Rifler
device,Denmark,2018,1.23,AWP
XANTARES,Turkey,2018,1.23,Pack Rifler
NiKo,Bosnia,2018,1.21,IGL|Pack Rifler|Anchor
tabseN,Germany,2018,1.20,IGL|Pack Rifler|Anchor
woxic,Turkey,2018,1.19,AWP
sergej,Finland,2018,1.18,Pack Rifler|Anchor
Ethan,USA,2018,1.18,Pack Rifler|Anchor
electroNic,Russia,2018,1.17,IGL|Pack Rifler|Anchor
dupreeh,Denmark,2018,1.17,Pack Rifler|Anchor
Magisk,Denmark,2018,1.15,IGL|Pack Rifler|Anchor
NAF,Canada,2018,1.15,Pack Rifler|Anchor
coldzera,Brazil,2018,1.14,Anchor
valde,Denmark,2018,1.13,IGL|Pack Rifler|Anchor
Aerial,Finland,2018,1.13,Pack Rifler|Anchor
autimatic,USA,2018,1.13,AWP|Pack Rifler
oskar,Czechia,2018,1.12,AWP
gla1ve,Denmark,2018,1.12,IGL|Anchor
Twistzz,Canada,2018,1.12,IGL|Pack Rifler|Anchor
Xyp9x,Denmark,2018,1.12,Anchor
Brehze,USA,2018,1.12,Pack Rifler|Anchor
suNny,Finland,2018,1.11,Pack Rifler|Anchor
CeRq,Bulgaria,2018,1.11,AWP
allu,Finland,2018,1.11,AWP
apEX,France,2018,1.10,IGL|Pack Rifler|Anchor
k0nfig,Denmark,2018,1.10,Pack Rifler|Anchor
ISSAA,Jordan,2018,1.10,Pack Rifler|Anchor
amanek,France,2018,1.09,Pack Rifler|Anchor
Kjaerbye,Denmark,2018,1.09,Pack Rifler|Anchor
EliGE,USA,2018,1.09,Pack Rifler
nex,Germany,2018,1.09,Anchor
GuardiaN,Slovakia,2018,1.09,AWP
KRIMZ,Sweden,2018,1.09,Pack Rifler|Anchor
kennyS,France,2018,1.08,AWP
Calyx,Turkey,2018,1.08,Pack Rifler|Anchor
ropz,Estonia,2018,1.08,Pack Rifler|Anchor
es3tag,Denmark,2018,1.08,AWP|Pack Rifler|Anchor
JUGi,Denmark,2018,1.07,AWP|Pack Rifler|Anchor
FalleN,Brazil,2018,1.07,IGL|AWP
rain,Norway,2018,1.07,IGL|Pack Rifler|Anchor
twist,Sweden,2018,1.07,Pack Rifler|Anchor
mertz,Denmark,2018,1.07,AWP
stanislaw,Canada,2018,1.07,IGL|Anchor
mixwell,Spain,2018,1.07,Pack Rifler|Anchor
flamie,Russia,2018,1.07,Anchor
cajunb,Denmark,2018,1.06,Anchor
Brollan,Sweden,2018,1.06,IGL|Pack Rifler|Anchor
REZ,Sweden,2018,1.06,Pack Rifler|Anchor
f0rest,Sweden,2018,1.06,Pack Rifler
shox,France,2018,1.06,Pack Rifler
fer,Brazil,2018,1.06,Pack Rifler|Anchor
paz,Turkey,2018,1.05,Pack Rifler|Anchor
cromen,Norway,2018,1.05,Pack Rifler|Anchor
BnTeT,Indonesia,2018,1.05,IGL|Pack Rifler|Anchor
mou,Kazakhstan,2018,1.05,AWP
tarik,USA,2018,1.05,Pack Rifler|Anchor
flusha,Sweden,2018,1.04,Anchor
nitr0,USA,2018,1.04,IGL|Pack Rifler|Anchor
smooya,UK,2018,1.04,AWP
hampus,Sweden,2018,1.04,IGL|Pack Rifler|Anchor
Lekr0,Sweden,2018,1.04,Pack Rifler|Anchor
draken,Sweden,2018,1.04,AWP
GruBy,Poland,2018,1.04,Pack Rifler|Anchor
Stewie2K,USA,2018,1.04,Pack Rifler|Anchor
disco doplan,Sweden,2018,1.03,Pack Rifler|Anchor
dennis,Sweden,2018,1.03,Anchor
NBK-,France,2018,1.03,IGL|Anchor
aizy,Denmark,2018,1.03,Pack Rifler
HObbit,Kazakhstan,2018,1.03,Pack Rifler|Anchor
olofmeister,Sweden,2018,1.02,Pack Rifler|Anchor
jks,Australia,2018,1.02,Pack Rifler|Anchor
jkaem,Norway,2018,1.02,Anchor
Furlan,Poland,2018,1.02,Anchor
ScreaM,Belgium,2018,1.02,Pack Rifler
bondik,Ukraine,2018,1.02,Anchor
chrisJ,Netherlands,2018,1.02,IGL|AWP|Pack Rifler|Anchor
JW,Sweden,2018,1.01,IGL|AWP
Skadoodle,USA,2018,1.01,AWP
FugLy,USA,2018,1.01,Anchor
kioShiMa,France,2018,1.01,Pack Rifler
Aleksib,Finland,2018,1.01,IGL|Pack Rifler|Anchor
hAdji,France,2018,1.01,IGL|Pack Rifler|Anchor
gade,Denmark,2018,1.01,IGL|Pack Rifler|Anchor
AdreN,Kazakhstan,2018,1.00,Pack Rifler|Anchor
RUSH,USA,2018,1.00,Pack Rifler|Anchor
niko,Denmark,2018,1.00,Anchor
MICHU,Poland,2018,1.00,Pack Rifler|Anchor
snatchie,Poland,2018,1.00,Pack Rifler|Anchor
MAJ3R,Turkey,2018,1.00,IGL|Anchor
Gratisfaction,New Zealand,2018,1.00,AWP
cadiaN,Denmark,2018,0.99,IGL|AWP|Pack Rifler
ShahZaM,USA,2018,0.99,AWP
ALEX,UK,2018,0.99,IGL|Anchor
Happy,France,2018,0.99,Pack Rifler
Edward,Ukraine,2018,0.99,Anchor
somebody,China,2018,0.98,Pack Rifler|Anchor
ANDROID,Canada,2018,0.98,Pack Rifler|Anchor
Snax,Poland,2018,0.98,IGL|Anchor
chopper,Russia,2018,0.98,IGL|Anchor
to1nou,Belgium,2018,0.98,Pack Rifler|Anchor
byali,Poland,2018,0.98,Pack Rifler
DD,China,2018,0.98,Pack Rifler|Anchor
mir,Russia,2018,0.98,Pack Rifler|Anchor
freddieb,Sweden,2018,0.97,Pack Rifler|Anchor
pashaBiceps,Poland,2018,0.97,Pack Rifler
Snappi,Denmark,2018,0.97,IGL|Anchor
xseveN,Finland,2018,0.97,Pack Rifler|Anchor
xccurate,Indonesia,2018,0.97,Pack Rifler|Anchor
jR,Ukraine,2018,0.97,Pack Rifler|Anchor
GeT_RiGhT,Sweden,2018,0.97,Anchor
ANGE1,Ukraine,2018,0.97,Anchor
tiziaN,Germany,2018,0.97,Pack Rifler|Anchor
devoduvek,France,2018,0.96,Pack Rifler|Anchor
MSL,Denmark,2018,0.96,IGL|AWP
seized,Russia,2018,0.95,Anchor
friberg,Sweden,2018,0.95,Pack Rifler|Anchor
TACO,Brazil,2018,0.95,Anchor
dephh,UK,2018,0.95,Pack Rifler|Anchor
MODDII,Sweden,2018,0.95,Pack Rifler|Anchor
AZR,Australia,2018,0.95,IGL|Anchor
Dosia,Russia,2018,0.95,Pack Rifler|Anchor
boltz,Brazil,2018,0.94,Pack Rifler|Anchor
bodyy,France,2018,0.94,Pack Rifler|Anchor
TOAO,Poland,2018,0.94,Pack Rifler|Anchor
STYKO,Slovakia,2018,0.94,IGL|Pack Rifler|Anchor
steel,Brazil,2018,0.94,Pack Rifler|Anchor
yay,USA,2018,0.94,Pack Rifler|Anchor
Nifty,USA,2018,0.93,AWP
RpK,France,2018,0.93,Anchor
Liazz,Australia,2018,0.93,Pack Rifler|Anchor
Ex6TenZ,Belgium,2018,0.93,Pack Rifler|Anchor
phr,Poland,2018,0.93,Pack Rifler|Anchor
LOGAN,France,2018,0.93,Pack Rifler|Anchor
AcilioN,Denmark,2018,0.92,IGL|Anchor
Zeus,Ukraine,2018,0.92,IGL
karrigan,Denmark,2018,0.92,IGL
DeadFox,Hungary,2018,0.91,Pack Rifler|Anchor
gob b,Germany,2018,0.91,IGL|Anchor
Xizt,Sweden,2018,0.91,IGL|Anchor
daps,Canada,2018,0.91,IGL|Pack Rifler|Anchor
RUBINO,Norway,2018,0.90,Pack Rifler|Anchor
USTILO,Australia,2018,0.90,Pack Rifler|Anchor
ngiN,Turkey,2018,0.90,Pack Rifler|Anchor
hutji,Russia,2018,0.89,Pack Rifler|Anchor
Golden,Sweden,2018,0.88,IGL|Anchor
captainMo,China,2018,0.86,Pack Rifler|Anchor
NEO,Poland,2018,0.86,Pack Rifler|Anchor
SmithZz,France,2018,0.80,Pack Rifler|Anchor
s1mple,Ukraine,2019,1.29,AWP|Pack Rifler
ZywOo,France,2019,1.28,AWP|Pack Rifler|Anchor
device,Denmark,2019,1.21,AWP
electroNic,Russia,2019,1.20,IGL|Pack Rifler|Anchor
EliGE,USA,2019,1.19,Pack Rifler
Jame,Russia,2019,1.19,IGL|AWP|Pack Rifler
ropz,Estonia,2019,1.17,Pack Rifler|Anchor
huNter-,Bosnia,2019,1.17,IGL|Pack Rifler|Anchor
NiKo,Bosnia,2019,1.16,IGL|Pack Rifler|Anchor
NAF,Canada,2019,1.15,Pack Rifler|Anchor
Magisk,Denmark,2019,1.15,IGL|Pack Rifler|Anchor
KSCERATO,Brazil,2019,1.15,Pack Rifler|Anchor
woxic,Turkey,2019,1.14,AWP
nexa,Serbia,2019,1.14,IGL|Pack Rifler|Anchor
Brehze,USA,2019,1.13,Pack Rifler|Anchor
coldzera,Brazil,2019,1.13,Anchor
frozen,Slovakia,2019,1.13,Pack Rifler|Anchor
XANTARES,Turkey,2019,1.12,Pack Rifler
kennyS,France,2019,1.12,AWP
xsepower,Russia,2019,1.12,AWP
Twistzz,Canada,2019,1.12,IGL|Pack Rifler|Anchor
jks,Australia,2019,1.12,Pack Rifler|Anchor
acoR,Denmark,2019,1.11,AWP
blameF,Denmark,2019,1.11,IGL|Pack Rifler|Anchor
roeJ,Denmark,2019,1.11,Pack Rifler|Anchor
poizon,Bulgaria,2019,1.11,AWP
sergej,Finland,2019,1.10,Pack Rifler|Anchor
Bubzkji,Denmark,2019,1.10,Pack Rifler|Anchor
HEN1,Brazil,2019,1.10,AWP|Pack Rifler
CeRq,Bulgaria,2019,1.09,AWP
dupreeh,Denmark,2019,1.09,Pack Rifler|Anchor
Ethan,USA,2019,1.09,Pack Rifler|Anchor
tabseN,Germany,2019,1.09,IGL|Pack Rifler|Anchor
Xyp9x,Denmark,2019,1.09,Anchor
Qikert,Kazakhstan,2019,1.09,Pack Rifler|Anchor
fer,Brazil,2019,1.09,Pack Rifler|Anchor
yuurih,Brazil,2019,1.09,Pack Rifler|Anchor
KRIMZ,Sweden,2019,1.08,Pack Rifler|Anchor
stavn,Denmark,2019,1.08,AWP|Pack Rifler|Anchor
Brollan,Sweden,2019,1.08,IGL|Pack Rifler|Anchor
sjuush,Denmark,2019,1.08,Pack Rifler|Anchor
valde,Denmark,2019,1.08,IGL|Pack Rifler|Anchor
jkaem,Norway,2019,1.07,Anchor
allu,Finland,2019,1.07,AWP
ottoNd,Finland,2019,1.07,AWP
flusha,Sweden,2019,1.06,Anchor
rain,Norway,2019,1.06,IGL|Pack Rifler|Anchor
aizy,Denmark,2019,1.06,Pack Rifler
Boombl4,Russia,2019,1.05,IGL|Anchor
buster,Kazakhstan,2019,1.05,Pack Rifler|Anchor
Kjaerbye,Denmark,2019,1.05,Pack Rifler|Anchor
dexter,Australia,2019,1.05,IGL|Pack Rifler|Anchor
flamie,Russia,2019,1.05,Anchor
Plopski,Sweden,2019,1.05,Pack Rifler|Anchor
JW,Sweden,2019,1.04,IGL|AWP
gla1ve,Denmark,2019,1.04,IGL|Anchor
f0rest,Sweden,2019,1.04,Pack Rifler
shox,France,2019,1.04,Pack Rifler
SHiPZ,Bulgaria,2019,1.04,Pack Rifler|Anchor
es3tag,Denmark,2019,1.04,AWP|Pack Rifler|Anchor
autimatic,USA,2019,1.03,AWP|Pack Rifler
k0nfig,Denmark,2019,1.03,Pack Rifler|Anchor
kioShiMa,France,2019,1.03,Pack Rifler
chrisJ,Netherlands,2019,1.03,IGL|AWP|Pack Rifler|Anchor
suNny,Finland,2019,1.03,Pack Rifler|Anchor
Stewie2K,USA,2019,1.03,Pack Rifler|Anchor
amanek,France,2019,1.03,Pack Rifler|Anchor
FalleN,Brazil,2019,1.03,IGL|AWP
b0RUP,Denmark,2019,1.02,Pack Rifler|Anchor
NBK-,France,2019,1.02,IGL|Anchor
Sico,New Zealand,2019,1.02,Pack Rifler|Anchor
LUCAS1,Brazil,2019,1.02,Pack Rifler|Anchor
Edward,Ukraine,2019,1.02,Anchor
almazer,Russia,2019,1.01,Pack Rifler|Anchor
apEX,France,2019,1.01,IGL|Pack Rifler|Anchor
FL1T,Russia,2019,1.01,Pack Rifler|Anchor
EspiranTo,Lithuania,2019,1.01,Pack Rifler|Anchor
JACKZ,France,2019,1.01,Pack Rifler|Anchor
nitr0,USA,2019,1.01,IGL|Pack Rifler|Anchor
Liazz,Australia,2019,1.01,Pack Rifler|Anchor
GuardiaN,Slovakia,2019,1.01,AWP
olofmeister,Sweden,2019,1.01,Pack Rifler|Anchor
REZ,Sweden,2019,1.00,Pack Rifler|Anchor
arT,Brazil,2019,1.00,IGL|AWP|Pack Rifler|Anchor
twist,Sweden,2019,1.00,Pack Rifler|Anchor
cadiaN,Denmark,2019,1.00,IGL|AWP|Pack Rifler
broky,Latvia,2019,1.00,AWP|Pack Rifler
Aleksib,Finland,2019,1.00,IGL|Pack Rifler|Anchor
facecrack,Russia,2019,1.00,Pack Rifler|Anchor
felps,Brazil,2019,1.00,Pack Rifler|Anchor
JUGi,Denmark,2019,1.00,AWP|Pack Rifler|Anchor
tarik,USA,2019,0.99,Pack Rifler|Anchor
Aerial,Finland,2019,0.99,Pack Rifler|Anchor
friberg,Sweden,2019,0.98,Pack Rifler|Anchor
dennis,Sweden,2019,0.98,Anchor
niko,Denmark,2019,0.98,Anchor
ALEX,UK,2019,0.97,IGL|Anchor
Jerry,Russia,2019,0.97,IGL|Pack Rifler|Anchor
Lekr0,Sweden,2019,0.97,Pack Rifler|Anchor
draken,Sweden,2019,0.97,AWP
Snappi,Denmark,2019,0.97,IGL|Anchor
Lucky,France,2019,0.96,Pack Rifler|Anchor
gade,Denmark,2019,0.96,IGL|Pack Rifler|Anchor
Gratisfaction,New Zealand,2019,0.96,AWP
VINI,Brazil,2019,0.96,Pack Rifler|Anchor
xseveN,Finland,2019,0.96,Pack Rifler|Anchor
v1c7oR,Bulgaria,2019,0.95,Pack Rifler|Anchor
RpK,France,2019,0.95,Anchor
refrezh,Denmark,2019,0.95,Pack Rifler|Anchor
kNgV-,Brazil,2019,0.94,Pack Rifler|Anchor
nex,Germany,2019,0.94,Anchor
phr,Poland,2019,0.94,Pack Rifler|Anchor
ableJ,Brazil,2019,0.94,Pack Rifler|Anchor
stanislaw,Canada,2019,0.94,IGL|Anchor
karrigan,Denmark,2019,0.94,IGL
AZR,Australia,2019,0.93,IGL|Anchor
SANJI,Uzbekistan,2019,0.93,Pack Rifler|Anchor
fitch,Kazakhstan,2019,0.93,Pack Rifler|Anchor
LETN1,Serbia,2019,0.93,Pack Rifler|Anchor
TACO,Brazil,2019,0.93,Anchor
RUSH,USA,2019,0.92,Pack Rifler|Anchor
blocker,Bulgaria,2019,0.92,Pack Rifler|Anchor
Zeus,Ukraine,2019,0.92,IGL
koosta,USA,2019,0.92,Pack Rifler|Anchor
cajunb,Denmark,2019,0.91,Anchor
bubble,Bulgaria,2019,0.91,Pack Rifler|Anchor
AdreN,Kazakhstan,2019,0.91,Pack Rifler|Anchor
NaToSaphiX,Denmark,2019,0.90,IGL|AWP|Pack Rifler|Anchor
MSL,Denmark,2019,0.90,IGL|AWP
Golden,Sweden,2019,0.90,IGL|Anchor
Xizt,Sweden,2019,0.89,IGL|Anchor
malta,Australia,2019,0.88,Pack Rifler|Anchor
KrizzeN,Kazakhstan,2019,0.88,Pack Rifler|Anchor
GeT_RiGhT,Sweden,2019,0.87,Anchor
daps,Canada,2019,0.87,IGL|Pack Rifler|Anchor
tiziaN,Germany,2019,0.86,Pack Rifler|Anchor
DickStacy,Australia,2019,0.86,Pack Rifler|Anchor
NEO,Poland,2019,0.85,Pack Rifler|Anchor
gob b,Germany,2019,0.85,IGL|Anchor
HUNDEN,Denmark,2019,0.84,IGL|Pack Rifler|Anchor
TeSeS,Denmark,2019,0.83,Pack Rifler|Anchor
ZywOo,France,2020,1.28,AWP|Pack Rifler|Anchor
s1mple,Ukraine,2020,1.28,AWP|Pack Rifler
device,Denmark,2020,1.20,AWP
NiKo,Bosnia,2020,1.18,IGL|Pack Rifler|Anchor
blameF,Denmark,2020,1.17,IGL|Pack Rifler|Anchor
EliGE,USA,2020,1.16,Pack Rifler
ropz,Estonia,2020,1.16,Pack Rifler|Anchor
mir,Russia,2020,1.16,Pack Rifler|Anchor
yuurih,Brazil,2020,1.14,Pack Rifler|Anchor
electroNic,Russia,2020,1.14,IGL|Pack Rifler|Anchor
KSCERATO,Brazil,2020,1.14,Pack Rifler|Anchor
HEN1,Brazil,2020,1.13,AWP|Pack Rifler
syrsoN,Germany,2020,1.12,AWP
floppy,USA,2020,1.12,Pack Rifler|Anchor
jks,Australia,2020,1.11,Pack Rifler|Anchor
acoR,Denmark,2020,1.11,AWP
xsepower,Russia,2020,1.11,AWP
Brehze,USA,2020,1.10,Pack Rifler|Anchor
k0nfig,Denmark,2020,1.10,Pack Rifler|Anchor
mantuu,Poland,2020,1.10,AWP|Pack Rifler
NAF,Canada,2020,1.09,Pack Rifler|Anchor
dupreeh,Denmark,2020,1.09,Pack Rifler|Anchor
stavn,Denmark,2020,1.09,AWP|Pack Rifler|Anchor
valde,Denmark,2020,1.09,IGL|Pack Rifler|Anchor
CeRq,Bulgaria,2020,1.09,AWP
Magisk,Denmark,2020,1.09,IGL|Pack Rifler|Anchor
XANTARES,Turkey,2020,1.09,Pack Rifler
Brollan,Sweden,2020,1.09,IGL|Pack Rifler|Anchor
Jame,Russia,2020,1.08,IGL|AWP|Pack Rifler
Bubzkji,Denmark,2020,1.08,Pack Rifler|Anchor
huNter-,Bosnia,2020,1.08,IGL|Pack Rifler|Anchor
FL1T,Russia,2020,1.08,Pack Rifler|Anchor
allu,Finland,2020,1.08,AWP
Ethan,USA,2020,1.08,Pack Rifler|Anchor
es3tag,Denmark,2020,1.08,AWP|Pack Rifler|Anchor
Xyp9x,Denmark,2020,1.07,Anchor
REZ,Sweden,2020,1.07,Pack Rifler|Anchor
FalleN,Brazil,2020,1.07,IGL|AWP
nawwk,Sweden,2020,1.07,AWP
oSee,USA,2020,1.07,AWP
KRIMZ,Sweden,2020,1.07,Pack Rifler|Anchor
frozen,Slovakia,2020,1.07,Pack Rifler|Anchor
broky,Latvia,2020,1.07,AWP|Pack Rifler
zehN,Finland,2020,1.06,Pack Rifler|Anchor
tabseN,Germany,2020,1.06,IGL|Pack Rifler|Anchor
oBo,USA,2020,1.06,Pack Rifler|Anchor
niko,Denmark,2020,1.06,Anchor
Twistzz,Canada,2020,1.06,IGL|Pack Rifler|Anchor
cadiaN,Denmark,2020,1.06,IGL|AWP|Pack Rifler
TeSeS,Denmark,2020,1.06,Pack Rifler|Anchor
Jerry,Russia,2020,1.06,IGL|Pack Rifler|Anchor
iDISBALANCE,Russia,2020,1.06,AWP
Qikert,Kazakhstan,2020,1.05,Pack Rifler|Anchor
jkaem,Norway,2020,1.05,Anchor
Farlig,Denmark,2020,1.05,AWP|Pack Rifler
nexa,Serbia,2020,1.05,IGL|Pack Rifler|Anchor
Plopski,Sweden,2020,1.05,Pack Rifler|Anchor
sjuush,Denmark,2020,1.05,Pack Rifler|Anchor
Maden,Montenegro,2020,1.05,Pack Rifler|Anchor
Sonic,South Africa,2020,1.05,Pack Rifler|Anchor
kennyS,France,2020,1.05,AWP
woxic,Turkey,2020,1.04,AWP
coldzera,Brazil,2020,1.04,Anchor
shox,France,2020,1.04,Pack Rifler
poizon,Bulgaria,2020,1.04,AWP
autimatic,USA,2020,1.04,AWP|Pack Rifler
Gratisfaction,New Zealand,2020,1.04,AWP
Lekr0,Sweden,2020,1.04,Pack Rifler|Anchor
arT,Brazil,2020,1.03,IGL|AWP|Pack Rifler|Anchor
STYKO,Slovakia,2020,1.03,IGL|Pack Rifler|Anchor
fer,Brazil,2020,1.03,Pack Rifler|Anchor
koosta,USA,2020,1.03,Pack Rifler|Anchor
Xeppaa,USA,2020,1.03,Pack Rifler|Anchor
YEKINDAR,Latvia,2020,1.03,IGL|Pack Rifler|Anchor
roeJ,Denmark,2020,1.02,Pack Rifler|Anchor
kNgV-,Brazil,2020,1.02,Pack Rifler|Anchor
gla1ve,Denmark,2020,1.02,IGL|Anchor
ISSAA,Jordan,2020,1.02,Pack Rifler|Anchor
Grim,USA,2020,1.01,Pack Rifler|Anchor
rain,Norway,2020,1.01,IGL|Pack Rifler|Anchor
buster,Kazakhstan,2020,1.01,Pack Rifler|Anchor
sdy,Ukraine,2020,1.01,IGL|Pack Rifler|Anchor
BnTeT,Indonesia,2020,1.01,IGL|Pack Rifler|Anchor
tarik,USA,2020,1.01,Pack Rifler|Anchor
flusha,Sweden,2020,1.01,Anchor
RpK,France,2020,1.00,Anchor
apEX,France,2020,1.00,IGL|Pack Rifler|Anchor
facecrack,Russia,2020,1.00,Pack Rifler|Anchor
magixx,Russia,2020,1.00,IGL|Pack Rifler|Anchor
JW,Sweden,2020,0.99,IGL|AWP
leaf,USA,2020,0.99,Pack Rifler|Anchor
hampus,Sweden,2020,0.99,IGL|Pack Rifler|Anchor
VINI,Brazil,2020,0.99,Pack Rifler|Anchor
motm,USA,2020,0.99,Pack Rifler|Anchor
NBK-,France,2020,0.99,IGL|Anchor
Aleksib,Finland,2020,0.99,IGL|Pack Rifler|Anchor
Liazz,Australia,2020,0.98,Pack Rifler|Anchor
tiziaN,Germany,2020,0.98,Pack Rifler|Anchor
chopper,Russia,2020,0.98,IGL|Anchor
misutaaa,France,2020,0.98,Pack Rifler|Anchor
almazer,Russia,2020,0.98,Pack Rifler|Anchor
Boombl4,Russia,2020,0.98,IGL|Anchor
JACKZ,France,2020,0.98,Pack Rifler|Anchor
Bymas,Lithuania,2020,0.98,Pack Rifler|Anchor
twist,Sweden,2020,0.98,Pack Rifler|Anchor
Perfecto,Russia,2020,0.98,IGL|Pack Rifler|Anchor
s0m,USA,2020,0.98,Pack Rifler|Anchor
Jamppi,Finland,2020,0.97,Pack Rifler|Anchor
Stewie2K,USA,2020,0.97,Pack Rifler|Anchor
amanek,France,2020,0.97,Pack Rifler|Anchor
AZR,Australia,2020,0.97,IGL|Anchor
Kjaerbye,Denmark,2020,0.96,Pack Rifler|Anchor
flamie,Russia,2020,0.96,Anchor
vanity,USA,2020,0.96,Pack Rifler|Anchor
stanislaw,Canada,2020,0.96,IGL|Anchor
sergej,Finland,2020,0.95,Pack Rifler|Anchor
k1to,Germany,2020,0.95,Pack Rifler|Anchor
suNny,Finland,2020,0.95,Pack Rifler|Anchor
RUSH,USA,2020,0.95,Pack Rifler|Anchor
Maikelele,Sweden,2020,0.95,Pack Rifler|Anchor
xseveN,Finland,2020,0.94,Pack Rifler|Anchor
Jonji,Canada,2020,0.94,Pack Rifler|Anchor
Aerial,Finland,2020,0.94,Pack Rifler|Anchor
b0RUP,Denmark,2020,0.93,Pack Rifler|Anchor
nitr0,USA,2020,0.93,IGL|Pack Rifler|Anchor
meyern,Argentina,2020,0.92,AWP|Pack Rifler|Anchor
trk,Brazil,2020,0.92,Pack Rifler|Anchor
SANJI,Uzbekistan,2020,0.91,Pack Rifler|Anchor
Golden,Sweden,2020,0.91,IGL|Anchor
TACO,Brazil,2020,0.90,Anchor
chrisJ,Netherlands,2020,0.89,IGL|AWP|Pack Rifler|Anchor
olofmeister,Sweden,2020,0.89,Pack Rifler|Anchor
AcilioN,Denmark,2020,0.89,IGL|Anchor
JT,South Africa,2020,0.88,IGL|Pack Rifler|Anchor
karrigan,Denmark,2020,0.88,IGL
daps,Canada,2020,0.86,IGL|Pack Rifler|Anchor
AdreN,Kazakhstan,2020,0.82,Pack Rifler|Anchor
kRYSTAL,Germany,2020,0.79,IGL|Pack Rifler|Anchor
HUNDEN,Denmark,2020,0.79,IGL|Pack Rifler|Anchor
s1mple,Ukraine,2021,1.34,AWP|Pack Rifler
ZywOo,France,2021,1.29,AWP|Pack Rifler|Anchor
sh1ro,Russia,2021,1.22,AWP
roeJ,Denmark,2021,1.20,Pack Rifler|Anchor
NiKo,Bosnia,2021,1.19,IGL|Pack Rifler|Anchor
HObbit,Kazakhstan,2021,1.16,Pack Rifler|Anchor
Ax1Le,Russia,2021,1.16,Pack Rifler|Anchor
ropz,Estonia,2021,1.15,Pack Rifler|Anchor
Jame,Russia,2021,1.14,IGL|AWP|Pack Rifler
KSCERATO,Brazil,2021,1.14,Pack Rifler|Anchor
El1an,Russia,2021,1.14,AWP
device,Denmark,2021,1.14,AWP
electroNic,Russia,2021,1.13,IGL|Pack Rifler|Anchor
blameF,Denmark,2021,1.13,IGL|Pack Rifler|Anchor
YEKINDAR,Latvia,2021,1.13,IGL|Pack Rifler|Anchor
Spinx,Israel,2021,1.12,Pack Rifler|Anchor
frozen,Slovakia,2021,1.12,Pack Rifler|Anchor
Twistzz,Canada,2021,1.12,IGL|Pack Rifler|Anchor
NAF,Canada,2021,1.12,Pack Rifler|Anchor
mir,Russia,2021,1.11,Pack Rifler|Anchor
FL1T,Russia,2021,1.11,Pack Rifler|Anchor
huNter-,Bosnia,2021,1.10,IGL|Pack Rifler|Anchor
mantuu,Poland,2021,1.10,AWP|Pack Rifler
b1t,Ukraine,2021,1.09,Pack Rifler|Anchor
flameZ,Israel,2021,1.09,Pack Rifler|Anchor
broky,Latvia,2021,1.09,AWP|Pack Rifler
degster,Russia,2021,1.09,AWP
yuurih,Brazil,2021,1.08,Pack Rifler|Anchor
EliGE,USA,2021,1.08,Pack Rifler
XANTARES,Turkey,2021,1.08,Pack Rifler
k0nfig,Denmark,2021,1.08,Pack Rifler|Anchor
SunPayus,Spain,2021,1.07,AWP
Brollan,Sweden,2021,1.07,IGL|Pack Rifler|Anchor
stavn,Denmark,2021,1.07,AWP|Pack Rifler|Anchor
valde,Denmark,2021,1.07,IGL|Pack Rifler|Anchor
Maden,Montenegro,2021,1.07,Pack Rifler|Anchor
dycha,Poland,2021,1.07,Pack Rifler|Anchor
tabseN,Germany,2021,1.07,IGL|Pack Rifler|Anchor
STYKO,Slovakia,2021,1.07,IGL|Pack Rifler|Anchor
mezii,UK,2021,1.07,Pack Rifler|Anchor
nicoodoz,Denmark,2021,1.06,AWP|Pack Rifler
dennyslaw,Bulgaria,2021,1.06,Pack Rifler|Anchor
syrsoN,Germany,2021,1.06,AWP
cadiaN,Denmark,2021,1.06,IGL|AWP|Pack Rifler
TeSeS,Denmark,2021,1.06,Pack Rifler|Anchor
REZ,Sweden,2021,1.06,Pack Rifler|Anchor
zorte,Russia,2021,1.06,AWP
jabbi,Denmark,2021,1.05,Pack Rifler|Anchor
hampus,Sweden,2021,1.05,IGL|Pack Rifler|Anchor
Farlig,Denmark,2021,1.04,AWP|Pack Rifler
hades,Poland,2021,1.04,AWP
dupreeh,Denmark,2021,1.04,Pack Rifler|Anchor
KRIMZ,Sweden,2021,1.04,Pack Rifler|Anchor
Forester,Russia,2021,1.04,Pack Rifler|Anchor
nafany,Russia,2021,1.03,IGL|Pack Rifler|Anchor
Perfecto,Russia,2021,1.03,IGL|Pack Rifler|Anchor
sdy,Ukraine,2021,1.03,IGL|Pack Rifler|Anchor
sjuush,Denmark,2021,1.03,Pack Rifler|Anchor
Magisk,Denmark,2021,1.03,IGL|Pack Rifler|Anchor
SHiPZ,Bulgaria,2021,1.03,Pack Rifler|Anchor
mopoz,Spain,2021,1.02,Pack Rifler|Anchor
arT,Brazil,2021,1.02,IGL|AWP|Pack Rifler|Anchor
alex,Spain,2021,1.02,Pack Rifler|Anchor
poizon,Bulgaria,2021,1.02,AWP
Brehze,USA,2021,1.02,Pack Rifler|Anchor
Qikert,Kazakhstan,2021,1.02,Pack Rifler|Anchor
Bymas,Lithuania,2021,1.02,Pack Rifler|Anchor
Krad,Russia,2021,1.02,Pack Rifler|Anchor
Ethan,USA,2021,1.01,Pack Rifler|Anchor
buster,Kazakhstan,2021,1.01,Pack Rifler|Anchor
misutaaa,France,2021,1.01,Pack Rifler|Anchor
acoR,Denmark,2021,1.01,AWP
oBo,USA,2021,1.01,Pack Rifler|Anchor
rain,Norway,2021,1.01,IGL|Pack Rifler|Anchor
KENSI,Russia,2021,1.01,Pack Rifler|Anchor
refrezh,Denmark,2021,1.01,Pack Rifler|Anchor
nawwk,Sweden,2021,1.00,AWP
zehN,Finland,2021,1.00,Pack Rifler|Anchor
niko,Denmark,2021,1.00,Anchor
shox,France,2021,1.00,Pack Rifler
FalleN,Brazil,2021,1.00,IGL|AWP
jks,Australia,2021,0.99,Pack Rifler|Anchor
magixx,Russia,2021,0.99,IGL|Pack Rifler|Anchor
Jerry,Russia,2021,0.99,IGL|Pack Rifler|Anchor
ISSAA,Jordan,2021,0.99,Pack Rifler|Anchor
amanek,France,2021,0.99,Pack Rifler|Anchor
apEX,France,2021,0.99,IGL|Pack Rifler|Anchor
coldzera,Brazil,2021,0.98,Anchor
Plopski,Sweden,2021,0.98,Pack Rifler|Anchor
ALEX,UK,2021,0.98,IGL|Anchor
Stewie2K,USA,2021,0.98,Pack Rifler|Anchor
Boombl4,Russia,2021,0.98,IGL|Anchor
Zyphon,Denmark,2021,0.97,Pack Rifler|Anchor
Aleksib,Finland,2021,0.97,IGL|Pack Rifler|Anchor
CeRq,Bulgaria,2021,0.97,AWP
kennyS,France,2021,0.97,AWP
nexa,Serbia,2021,0.97,IGL|Pack Rifler|Anchor
VINI,Brazil,2021,0.97,Pack Rifler|Anchor
Rainwaker,Bulgaria,2021,0.97,Pack Rifler|Anchor
MICHU,Poland,2021,0.97,Pack Rifler|Anchor
DeathZz,Spain,2021,0.97,Pack Rifler|Anchor
es3tag,Denmark,2021,0.96,AWP|Pack Rifler|Anchor
Bubzkji,Denmark,2021,0.96,Pack Rifler|Anchor
NickelBack,Russia,2021,0.96,Pack Rifler|Anchor
gla1ve,Denmark,2021,0.96,IGL|Anchor
Jackinho,Sweden,2021,0.96,AWP
Grim,USA,2021,0.95,Pack Rifler|Anchor
Duplicate,Bulgaria,2021,0.95,
Xyp9x,Denmark,2021,0.95,Anchor
dexter,Australia,2021,0.95,IGL|Pack Rifler|Anchor
Snappi,Denmark,2021,0.95,IGL|Anchor
almazer,Russia,2021,0.94,Pack Rifler|Anchor
chopper,Russia,2021,0.94,IGL|Anchor
interz,Russia,2021,0.94,Pack Rifler|Anchor
k1to,Germany,2021,0.94,Pack Rifler|Anchor
doto,Finland,2021,0.94,Pack Rifler|Anchor
olofmeister,Sweden,2021,0.94,Pack Rifler|Anchor
Lucky,Denmark,2021,0.93,Pack Rifler|Anchor
Lack1,Kazakhstan,2021,0.93,Pack Rifler|Anchor
tarik,USA,2021,0.93,Pack Rifler|Anchor
JACKZ,France,2021,0.92,Pack Rifler|Anchor
LNZ,Sweden,2021,0.91,IGL|Pack Rifler|Anchor
karrigan,Denmark,2021,0.91,IGL
gade,Denmark,2021,0.91,IGL|Pack Rifler|Anchor
Kyojin,France,2021,0.91,Pack Rifler|Anchor
SANJI,Uzbekistan,2021,0.91,Pack Rifler|Anchor
RpK,France,2021,0.90,Anchor
tiziaN,Germany,2021,0.90,Pack Rifler|Anchor
junior,USA,2021,0.89,AWP
dav1g,Spain,2021,0.89,Pack Rifler|Anchor
RUSH,USA,2021,0.89,Pack Rifler|Anchor
HooXi,Denmark,2021,0.88,IGL|Anchor
stanislaw,Canada,2021,0.87,IGL|Anchor
honda,Brazil,2021,0.86,Anchor
ztr,Sweden,2021,0.86,Anchor
JW,Sweden,2021,0.82,IGL|AWP
Golden,Sweden,2021,0.79,IGL|Anchor
sh1ro,Russia,2022,1.26,AWP
s1mple,Ukraine,2022,1.26,AWP|Pack Rifler
XANTARES,Turkey,2022,1.25,Pack Rifler
ZywOo,France,2022,1.24,AWP|Pack Rifler|Anchor
blameF,Denmark,2022,1.21,IGL|Pack Rifler|Anchor
Ax1Le,Russia,2022,1.21,Pack Rifler|Anchor
NiKo,Bosnia,2022,1.20,IGL|Pack Rifler|Anchor
stavn,Denmark,2022,1.16,AWP|Pack Rifler|Anchor
degster,Russia,2022,1.15,AWP
m0NESY,Russia,2022,1.15,AWP
frozen,Slovakia,2022,1.15,Pack Rifler|Anchor
KSCERATO,Brazil,2022,1.14,Pack Rifler|Anchor
SunPayus,Spain,2022,1.14,AWP
YEKINDAR,Latvia,2022,1.14,IGL|Pack Rifler|Anchor
broky,Latvia,2022,1.13,AWP|Pack Rifler
Patsi,Russia,2022,1.13,Pack Rifler|Anchor
w0nderful,Ukraine,2022,1.13,AWP
ropz,Estonia,2022,1.12,Pack Rifler|Anchor
yuurih,Brazil,2022,1.12,Pack Rifler|Anchor
FASHR,Netherlands,2022,1.12,Pack Rifler|Anchor
Twistzz,Canada,2022,1.11,IGL|Pack Rifler|Anchor
huNter-,Bosnia,2022,1.11,IGL|Pack Rifler|Anchor
HObbit,Kazakhstan,2022,1.10,Pack Rifler|Anchor
syrsoN,Germany,2022,1.10,AWP
Jame,Russia,2022,1.10,IGL|AWP|Pack Rifler
flameZ,Israel,2022,1.09,Pack Rifler|Anchor
Spinx,Israel,2022,1.09,Pack Rifler|Anchor
NAF,Canada,2022,1.09,Pack Rifler|Anchor
EliGE,USA,2022,1.09,Pack Rifler
dycha,Poland,2022,1.08,Pack Rifler|Anchor
electroNic,Russia,2022,1.08,IGL|Pack Rifler|Anchor
b1t,Ukraine,2022,1.08,Pack Rifler|Anchor
FL1T,Russia,2022,1.08,Pack Rifler|Anchor
rain,Norway,2022,1.08,IGL|Pack Rifler|Anchor
woxic,Turkey,2022,1.07,AWP
bodyy,France,2022,1.07,Pack Rifler|Anchor
Forester,Russia,2022,1.07,Pack Rifler|Anchor
REZ,Sweden,2022,1.07,Pack Rifler|Anchor
TeSeS,Denmark,2022,1.07,Pack Rifler|Anchor
cadiaN,Denmark,2022,1.06,IGL|AWP|Pack Rifler
zorte,Russia,2022,1.06,AWP
fame,Russia,2022,1.06,Pack Rifler|Anchor
dumau,Brazil,2022,1.06,Pack Rifler|Anchor
roeJ,Denmark,2022,1.06,Pack Rifler|Anchor
Grim,USA,2022,1.06,Pack Rifler|Anchor
torzsi,Hungary,2022,1.06,AWP
k0nfig,Denmark,2022,1.06,Pack Rifler|Anchor
floppy,USA,2022,1.06,Pack Rifler|Anchor
Brollan,Sweden,2022,1.05,IGL|Pack Rifler|Anchor
xertioN,Israel,2022,1.05,IGL|Pack Rifler|Anchor
nicoodoz,Denmark,2022,1.05,AWP|Pack Rifler
alex,Spain,2022,1.05,Pack Rifler|Anchor
fer,Brazil,2022,1.05,Pack Rifler|Anchor
tabseN,Germany,2022,1.04,IGL|Pack Rifler|Anchor
sjuush,Denmark,2022,1.04,Pack Rifler|Anchor
Magisk,Denmark,2022,1.04,IGL|Pack Rifler|Anchor
oSee,USA,2022,1.04,AWP
hades,Poland,2022,1.04,AWP
Perfecto,Russia,2022,1.04,IGL|Pack Rifler|Anchor
shalfey,Russia,2022,1.03,Pack Rifler|Anchor
Bymas,Lithuania,2022,1.03,Pack Rifler|Anchor
magixx,Russia,2022,1.03,IGL|Pack Rifler|Anchor
jabbi,Denmark,2022,1.03,Pack Rifler|Anchor
jks,Australia,2022,1.03,Pack Rifler|Anchor
mezii,UK,2022,1.03,Pack Rifler|Anchor
afro,France,2022,1.02,Pack Rifler|Anchor
Djoko,France,2022,1.02,Pack Rifler|Anchor
El1an,Russia,2022,1.02,AWP
faveN,Germany,2022,1.02,Pack Rifler|Anchor
boltz,Brazil,2022,1.01,Pack Rifler|Anchor
arT,Brazil,2022,1.01,IGL|AWP|Pack Rifler|Anchor
valde,Denmark,2022,1.01,IGL|Pack Rifler|Anchor
imoRR,Turkey,2022,1.01,Pack Rifler|Anchor
KENSI,Russia,2022,1.01,Pack Rifler|Anchor
n0rb3r7,Russia,2022,1.00,Pack Rifler|Anchor
NickelBack,Russia,2022,1.00,Pack Rifler|Anchor
hampus,Sweden,2022,1.00,IGL|Pack Rifler|Anchor
rigoN,Switzerland,2022,1.00,Pack Rifler|Anchor
dupreeh,Denmark,2022,1.00,Pack Rifler|Anchor
saffee,Brazil,2022,1.00,Pack Rifler|Anchor
S1ren,Russia,2022,1.00,Pack Rifler|Anchor
Ex3rcice,France,2022,1.00,Pack Rifler|Anchor
Zyphon,Denmark,2022,1.00,Pack Rifler|Anchor
Maden,Montenegro,2022,1.00,Pack Rifler|Anchor
Staehr,Denmark,2022,0.99,Pack Rifler|Anchor
FalleN,Brazil,2022,0.99,IGL|AWP
NEOFRAG,Czechia,2022,0.98,Pack Rifler|Anchor
mopoz,Spain,2022,0.98,Pack Rifler|Anchor
chopper,Russia,2022,0.98,IGL|Anchor
interz,Russia,2022,0.98,Pack Rifler|Anchor
sdy,Ukraine,2022,0.98,IGL|Pack Rifler|Anchor
FaNg,Canada,2022,0.98,Pack Rifler|Anchor
juanflatroo,Kosovo,2022,0.97,Pack Rifler|Anchor
JDC,Germany,2022,0.97,Pack Rifler|Anchor
latto,Brazil,2022,0.97,Pack Rifler|Anchor
Boombl4,Russia,2022,0.97,IGL|Anchor
KRIMZ,Sweden,2022,0.97,Pack Rifler|Anchor
Krimbo,Germany,2022,0.96,Pack Rifler|Anchor
Norwi,Russia,2022,0.96,Pack Rifler|Anchor
Lack1,Kazakhstan,2022,0.96,Pack Rifler|Anchor
Farlig,Denmark,2022,0.96,AWP|Pack Rifler
Lucky,France,2022,0.96,Pack Rifler|Anchor
nexa,Serbia,2022,0.96,IGL|Pack Rifler|Anchor
gxx-,Kosovo,2022,0.96,Pack Rifler|Anchor
Qikert,Kazakhstan,2022,0.95,Pack Rifler|Anchor
Jerry,Russia,2022,0.95,IGL|Pack Rifler|Anchor
Plopski,Sweden,2022,0.95,Pack Rifler|Anchor
refrezh,Denmark,2022,0.95,Pack Rifler|Anchor
JACKZ,France,2022,0.95,Pack Rifler|Anchor
k1to,Germany,2022,0.95,Pack Rifler|Anchor
Xyp9x,Denmark,2022,0.95,Anchor
nafany,Russia,2022,0.94,IGL|Pack Rifler|Anchor
F1KU,Poland,2022,0.94,Pack Rifler|Anchor
Krad,Russia,2022,0.94,Pack Rifler|Anchor
Aleksib,Finland,2022,0.94,IGL|Pack Rifler|Anchor
gla1ve,Denmark,2022,0.93,IGL|Anchor
ALEX,UK,2022,0.93,IGL|Anchor
drop,Brazil,2022,0.93,Pack Rifler|Anchor
VINI,Brazil,2022,0.93,Pack Rifler|Anchor
es3tag,Denmark,2022,0.93,AWP|Pack Rifler|Anchor
buster,Kazakhstan,2022,0.93,Pack Rifler|Anchor
Snappi,Denmark,2022,0.93,IGL|Anchor
tiziaN,Germany,2022,0.92,Pack Rifler|Anchor
dexter,Australia,2022,0.92,IGL|Pack Rifler|Anchor
DeathZz,Spain,2022,0.92,Pack Rifler|Anchor
slaxz-,Germany,2022,0.92,AWP
sinnopsyy,Kosovo,2022,0.91,Pack Rifler|Anchor
phzy,Sweden,2022,0.91,AWP
karrigan,Denmark,2022,0.91,IGL
misutaaa,France,2022,0.90,Pack Rifler|Anchor
apEX,France,2022,0.90,IGL|Pack Rifler|Anchor
dav1g,Spain,2022,0.90,Pack Rifler|Anchor
nitr0,USA,2022,0.89,IGL|Pack Rifler|Anchor
SENER1,Kosovo,2022,0.85,Pack Rifler|Anchor
TACO,Brazil,2022,0.83,Anchor
HooXi,Denmark,2022,0.82,IGL|Anchor
JT,South Africa,2022,0.81,IGL|Pack Rifler|Anchor
ZywOo,France,2023,1.28,AWP|Pack Rifler|Anchor
donk,Russia,2023,1.26,Pack Rifler|Anchor
device,Denmark,2023,1.21,AWP
sh1ro,Russia,2023,1.20,AWP
XANTARES,Turkey,2023,1.20,Pack Rifler
NiKo,Bosnia,2023,1.19,IGL|Pack Rifler|Anchor
frozen,Slovakia,2023,1.19,Pack Rifler|Anchor
blameF,Denmark,2023,1.18,IGL|Pack Rifler|Anchor
s1mple,Ukraine,2023,1.18,AWP|Pack Rifler
Spinx,Israel,2023,1.17,Pack Rifler|Anchor
m0NESY,Russia,2023,1.17,AWP
zorte,Russia,2023,1.16,AWP
ropz,Estonia,2023,1.16,Pack Rifler|Anchor
Jame,Russia,2023,1.16,IGL|AWP|Pack Rifler
zont1x,Ukraine,2023,1.14,Pack Rifler|Anchor
SunPayus,Spain,2023,1.13,AWP
KSCERATO,Brazil,2023,1.13,Pack Rifler|Anchor
broky,Latvia,2023,1.12,AWP|Pack Rifler
FL1T,Russia,2023,1.12,Pack Rifler|Anchor
Krimbo,Germany,2023,1.12,Pack Rifler|Anchor
stavn,Denmark,2023,1.12,AWP|Pack Rifler|Anchor
Ax1Le,Russia,2023,1.11,Pack Rifler|Anchor
degster,Russia,2023,1.11,AWP
jkaem,Norway,2023,1.10,Anchor
EliGE,USA,2023,1.09,Pack Rifler
shalfey,Russia,2023,1.09,Pack Rifler|Anchor
Jimpphat,Finland,2023,1.09,Pack Rifler|Anchor
Magisk,Denmark,2023,1.09,IGL|Pack Rifler|Anchor
nawwk,Sweden,2023,1.09,AWP
jabbi,Denmark,2023,1.09,Pack Rifler|Anchor
imoRR,Turkey,2023,1.08,Pack Rifler|Anchor
torzsi,Hungary,2023,1.08,AWP
sdy,Ukraine,2023,1.08,IGL|Pack Rifler|Anchor
electroNic,Russia,2023,1.08,IGL|Pack Rifler|Anchor
biguzera,Brazil,2023,1.08,Pack Rifler|Anchor
rallen,Poland,2023,1.08,Pack Rifler|Anchor
w0nderful,Ukraine,2023,1.08,AWP
NertZ,Israel,2023,1.08,Pack Rifler|Anchor
xertioN,Israel,2023,1.08,IGL|Pack Rifler|Anchor
Twistzz,Canada,2023,1.08,IGL|Pack Rifler|Anchor
hades,Poland,2023,1.07,AWP
mantuu,Poland,2023,1.07,AWP|Pack Rifler
cadiaN,Denmark,2023,1.07,IGL|AWP|Pack Rifler
skullz,Brazil,2023,1.07,Pack Rifler|Anchor
ArtFr0st,Russia,2023,1.07,AWP
b1t,Ukraine,2023,1.07,Pack Rifler|Anchor
mezii,UK,2023,1.07,Pack Rifler|Anchor
huNter-,Bosnia,2023,1.06,IGL|Pack Rifler|Anchor
prosus,Germany,2023,1.06,Pack Rifler|Anchor
tabseN,Germany,2023,1.06,IGL|Pack Rifler|Anchor
NAF,Canada,2023,1.06,Pack Rifler|Anchor
Wicadia,Turkey,2023,1.06,Pack Rifler|Anchor
yuurih,Brazil,2023,1.06,Pack Rifler|Anchor
headtr1ck,Ukraine,2023,1.06,Pack Rifler|Anchor
iM,Romania,2023,1.06,IGL|Pack Rifler|Anchor
Woro2k,Ukraine,2023,1.06,AWP
REZ,Sweden,2023,1.06,Pack Rifler|Anchor
n0rb3r7,Russia,2023,1.06,Pack Rifler|Anchor
rain,Norway,2023,1.05,IGL|Pack Rifler|Anchor
flameZ,Israel,2023,1.05,Pack Rifler|Anchor
fame,Russia,2023,1.05,Pack Rifler|Anchor
nicoodoz,Denmark,2023,1.05,AWP|Pack Rifler
CacaNito,North Macedonia,2023,1.04,Pack Rifler|Anchor
HObbit,Kazakhstan,2023,1.04,Pack Rifler|Anchor
gxx-,Kosovo,2023,1.04,Pack Rifler|Anchor
magixx,Russia,2023,1.04,IGL|Pack Rifler|Anchor
hallzerk,Norway,2023,1.04,AWP
jL,Lithuania,2023,1.04,Pack Rifler|Anchor
r3salt,Russia,2023,1.04,Pack Rifler|Anchor
sjuush,Denmark,2023,1.04,Pack Rifler|Anchor
DemQQ,Ukraine,2023,1.04,Pack Rifler|Anchor
jks,Australia,2023,1.04,Pack Rifler|Anchor
KEi,Poland,2023,1.03,Pack Rifler|Anchor
mir,Russia,2023,1.03,Pack Rifler|Anchor
TeSeS,Denmark,2023,1.03,Pack Rifler|Anchor
s1n,Germany,2023,1.03,Pack Rifler|Anchor
juanflatroo,Kosovo,2023,1.03,Pack Rifler|Anchor
dupreeh,Denmark,2023,1.03,Pack Rifler|Anchor
floppy,USA,2023,1.03,Pack Rifler|Anchor
br0,Denmark,2023,1.03,Pack Rifler|Anchor
Grim,USA,2023,1.03,Pack Rifler|Anchor
oSee,USA,2023,1.03,AWP
dycha,Poland,2023,1.03,Pack Rifler|Anchor
KaiR0N-,Russia,2023,1.03,Pack Rifler|Anchor
rigoN,Switzerland,2023,1.02,Pack Rifler|Anchor
Perfecto,Russia,2023,1.02,IGL|Pack Rifler|Anchor
woxic,Turkey,2023,1.02,AWP
afro,France,2023,1.02,Pack Rifler|Anchor
acoR,Denmark,2023,1.02,AWP
YEKINDAR,Latvia,2023,1.02,IGL|Pack Rifler|Anchor
k0nfig,Denmark,2023,1.02,Pack Rifler|Anchor
MartinezSa,Spain,2023,1.02,Pack Rifler|Anchor
faveN,Germany,2023,1.01,Pack Rifler|Anchor
bLitz,Mongolia,2023,1.01,IGL|Anchor
k1to,Germany,2023,1.01,Pack Rifler|Anchor
kRaSnaL,Poland,2023,1.01,Pack Rifler|Anchor
volt,Romania,2023,1.00,Pack Rifler|Anchor
mopoz,Spain,2023,1.00,Pack Rifler|Anchor
CRUC1AL,Netherlands,2023,1.00,Pack Rifler|Anchor
Brollan,Sweden,2023,1.00,IGL|Pack Rifler|Anchor
S1ren,Russia,2023,1.00,Pack Rifler|Anchor
saffee,Brazil,2023,1.00,Pack Rifler|Anchor
Goofy,Poland,2023,1.00,Pack Rifler|Anchor
Calyx,Turkey,2023,1.00,Pack Rifler|Anchor
KRIMZ,Sweden,2023,0.99,Pack Rifler|Anchor
hyped,Germany,2023,0.99,Pack Rifler|Anchor
Jerry,Russia,2023,0.99,IGL|Pack Rifler|Anchor
Maden,Montenegro,2023,0.99,Pack Rifler|Anchor
Staehr,Denmark,2023,0.99,Pack Rifler|Anchor
JDC,Germany,2023,0.98,Pack Rifler|Anchor
chelo,Brazil,2023,0.98,Pack Rifler|Anchor
Kylar,Poland,2023,0.98,Pack Rifler|Anchor
roeJ,Denmark,2023,0.98,Pack Rifler|Anchor
Krad,Russia,2023,0.98,Pack Rifler|Anchor
kyxsan,North Macedonia,2023,0.98,IGL|Anchor
Boombl4,Russia,2023,0.98,IGL|Anchor
nexa,Serbia,2023,0.98,IGL|Pack Rifler|Anchor
FalleN,Brazil,2023,0.97,IGL|AWP
Patsi,Russia,2023,0.97,Pack Rifler|Anchor
zevy,Brazil,2023,0.97,Pack Rifler|Anchor
isak,Sweden,2023,0.97,Pack Rifler|Anchor
siuhy,Poland,2023,0.96,IGL|Anchor
arT,Brazil,2023,0.96,IGL|AWP|Pack Rifler|Anchor
Buzz,Denmark,2023,0.95,Pack Rifler|Anchor
Qikert,Kazakhstan,2023,0.95,Pack Rifler|Anchor
NEOFRAG,Czechia,2023,0.95,Pack Rifler|Anchor
buster,Kazakhstan,2023,0.95,Pack Rifler|Anchor
Aleksib,Finland,2023,0.94,IGL|Pack Rifler|Anchor
chopper,Russia,2023,0.94,IGL|Anchor
gla1ve,Denmark,2023,0.94,IGL|Anchor
Techno,Mongolia,2023,0.94,Pack Rifler|Anchor
F1KU,Poland,2023,0.94,Pack Rifler|Anchor
apEX,France,2023,0.94,IGL|Pack Rifler|Anchor
sinnopsyy,Kosovo,2023,0.94,Pack Rifler|Anchor
Thomas,UK,2023,0.94,IGL|Anchor
FASHR,Netherlands,2023,0.93,Pack Rifler|Anchor
STYKO,Slovakia,2023,0.93,IGL|Pack Rifler|Anchor
JUST,Portugal,2023,0.93,Pack Rifler|Anchor
nafany,Russia,2023,0.93,IGL|Pack Rifler|Anchor
niko,Denmark,2023,0.92,Anchor
FaNg,Canada,2023,0.92,Pack Rifler|Anchor
NEKIZ,Brazil,2023,0.92,Pack Rifler|Anchor
hampus,Sweden,2023,0.92,IGL|Pack Rifler|Anchor
npl,Ukraine,2023,0.92,Pack Rifler|Anchor
MAJ3R,Turkey,2023,0.91,IGL|Anchor
Snappi,Denmark,2023,0.91,IGL|Anchor
nitr0,USA,2023,0.91,IGL|Pack Rifler|Anchor
Xyp9x,Denmark,2023,0.91,Anchor
Keoz,Belgium,2023,0.91,Pack Rifler|Anchor
sense,Norway,2023,0.90,Pack Rifler|Anchor
b0RUP,Denmark,2023,0.90,Pack Rifler|Anchor
mynio,Poland,2023,0.90,Pack Rifler|Anchor
hardzao,Brazil,2023,0.89,Pack Rifler|Anchor
adamS,Romania,2023,0.89,Pack Rifler|Anchor
drop,Brazil,2023,0.88,Pack Rifler|Anchor
karrigan,Denmark,2023,0.88,IGL
JT,South Africa,2023,0.88,IGL|Pack Rifler|Anchor
dexter,Australia,2023,0.87,IGL|Pack Rifler|Anchor
SENER1,Kosovo,2023,0.87,Pack Rifler|Anchor
HooXi,Denmark,2023,0.83,IGL|Anchor
ZywOo,France,2024,1.36,AWP|Pack Rifler|Anchor
donk,Russia,2024,1.33,Pack Rifler|Anchor
m0NESY,Russia,2024,1.30,AWP
NiKo,Bosnia,2024,1.19,IGL|Pack Rifler|Anchor
sh1ro,Russia,2024,1.16,AWP
KSCERATO,Brazil,2024,1.16,Pack Rifler|Anchor
XANTARES,Turkey,2024,1.15,Pack Rifler
b1t,Ukraine,2024,1.15,Pack Rifler|Anchor
insani,Brazil,2024,1.14,Pack Rifler|Anchor
Jimpphat,Finland,2024,1.14,Pack Rifler|Anchor
jL,Lithuania,2024,1.14,Pack Rifler|Anchor
Twistzz,Canada,2024,1.14,IGL|Pack Rifler|Anchor
Maka,France,2024,1.13,AWP
EliGE,USA,2024,1.13,Pack Rifler
Magnojez,Russia,2024,1.12,Pack Rifler|Anchor
frozen,Slovakia,2024,1.12,Pack Rifler|Anchor
w0nderful,Ukraine,2024,1.12,AWP
malbsMd,Guatemala,2024,1.12,Pack Rifler|Anchor
INS,Australia,2024,1.12,Pack Rifler|Anchor
Spinx,Israel,2024,1.10,Pack Rifler|Anchor
xertioN,Israel,2024,1.10,IGL|Pack Rifler|Anchor
NAF,Canada,2024,1.10,Pack Rifler|Anchor
flameZ,Israel,2024,1.10,Pack Rifler|Anchor
ropz,Estonia,2024,1.09,Pack Rifler|Anchor
Perfecto,Russia,2024,1.09,IGL|Pack Rifler|Anchor
ewjerkz,Portugal,2024,1.08,Pack Rifler|Anchor
NertZ,Israel,2024,1.08,Pack Rifler|Anchor
Senzu,Mongolia,2024,1.08,Pack Rifler|Anchor
broky,Latvia,2024,1.08,AWP|Pack Rifler
HObbit,Kazakhstan,2024,1.07,Pack Rifler|Anchor
Krimbo,Germany,2024,1.07,Pack Rifler|Anchor
Brollan,Sweden,2024,1.07,IGL|Pack Rifler|Anchor
jabbi,Denmark,2024,1.06,Pack Rifler|Anchor
MartinezSa,Spain,2024,1.06,Pack Rifler|Anchor
zont1x,Ukraine,2024,1.06,Pack Rifler|Anchor
stavn,Denmark,2024,1.06,AWP|Pack Rifler|Anchor
Ex3rcice,France,2024,1.06,Pack Rifler|Anchor
biguzera,Brazil,2024,1.06,Pack Rifler|Anchor
arrozdoce,Portugal,2024,1.06,Pack Rifler|Anchor
exit,Brazil,2024,1.06,Pack Rifler|Anchor
hallzerk,Norway,2024,1.05,AWP
SunPayus,Spain,2024,1.05,AWP
torzsi,Hungary,2024,1.05,AWP
TeSeS,Denmark,2024,1.05,Pack Rifler|Anchor
JDC,Germany,2024,1.05,Pack Rifler|Anchor
dgt,Uruguay,2024,1.05,Pack Rifler|Anchor
woxic,Turkey,2024,1.04,AWP
iM,Romania,2024,1.04,IGL|Pack Rifler|Anchor
Wicadia,Turkey,2024,1.04,Pack Rifler|Anchor
fame,Russia,2024,1.03,Pack Rifler|Anchor
jks,Australia,2024,1.03,Pack Rifler|Anchor
degster,Russia,2024,1.03,AWP
Techno,Mongolia,2024,1.03,Pack Rifler|Anchor
saffee,Brazil,2024,1.03,Pack Rifler|Anchor
yuurih,Brazil,2024,1.03,Pack Rifler|Anchor
Staehr,Denmark,2024,1.03,Pack Rifler|Anchor
lux,Brazil,2024,1.03,Pack Rifler|Anchor
electroNic,Russia,2024,1.02,IGL|Pack Rifler|Anchor
Boombl4,Russia,2024,1.02,IGL|Anchor
bLitz,Mongolia,2024,1.02,IGL|Anchor
mezii,UK,2024,1.02,Pack Rifler|Anchor
ultimate,Poland,2024,1.02,AWP
device,Denmark,2024,1.02,AWP
910,Mongolia,2024,1.02,AWP
rain,Norway,2024,1.01,IGL|Pack Rifler|Anchor
mzinho,Mongolia,2024,1.01,Pack Rifler|Anchor
sjuush,Denmark,2024,1.01,Pack Rifler|Anchor
Ax1Le,Russia,2024,1.01,Pack Rifler|Anchor
Calyx,Turkey,2024,1.01,Pack Rifler|Anchor
hades,Poland,2024,1.01,AWP
nqz,Brazil,2024,1.01,Pack Rifler|Anchor
zorte,Russia,2024,1.00,AWP
Djoko,France,2024,1.00,Pack Rifler|Anchor
HEN1,Brazil,2024,1.00,AWP|Pack Rifler
decenty,Brazil,2024,1.00,Pack Rifler|Anchor
FL1T,Russia,2024,1.00,Pack Rifler|Anchor
Grim,USA,2024,1.00,Pack Rifler|Anchor
felps,Brazil,2024,1.00,Pack Rifler|Anchor
Jame,Russia,2024,1.00,IGL|AWP|Pack Rifler
S1ren,Russia,2024,1.00,Pack Rifler|Anchor
Magisk,Denmark,2024,1.00,IGL|Pack Rifler|Anchor
Kylar,Poland,2024,1.00,Pack Rifler|Anchor
br0,Denmark,2024,0.99,Pack Rifler|Anchor
Lucky,France,2024,0.99,Pack Rifler|Anchor
magixx,Russia,2024,0.99,IGL|Pack Rifler|Anchor
story,Portugal,2024,0.99,Pack Rifler|Anchor
tabseN,Germany,2024,0.99,IGL|Pack Rifler|Anchor
huNter-,Bosnia,2024,0.98,IGL|Pack Rifler|Anchor
volt,Romania,2024,0.98,Pack Rifler|Anchor
n0rb3r7,Russia,2024,0.98,Pack Rifler|Anchor
HUASOPEEK,Chile,2024,0.98,Pack Rifler|Anchor
KaiR0N-,Russia,2024,0.97,Pack Rifler|Anchor
snow,Brazil,2024,0.97,Pack Rifler|Anchor
Maden,Montenegro,2024,0.97,Pack Rifler|Anchor
syrsoN,Germany,2024,0.97,AWP
drop,Brazil,2024,0.97,Pack Rifler|Anchor
skullz,Brazil,2024,0.97,Pack Rifler|Anchor
noway,Brazil,2024,0.96,Pack Rifler|Anchor
nicoodoz,Denmark,2024,0.96,AWP|Pack Rifler
acoR,Denmark,2024,0.96,AWP
YEKINDAR,Latvia,2024,0.96,IGL|Pack Rifler|Anchor
floppy,USA,2024,0.96,Pack Rifler|Anchor
kyxsan,North Macedonia,2024,0.96,IGL|Anchor
dycha,Poland,2024,0.95,Pack Rifler|Anchor
prosus,Germany,2024,0.95,Pack Rifler|Anchor
max,Uruguay,2024,0.95,Pack Rifler|Anchor
kauez,Brazil,2024,0.95,Pack Rifler|Anchor
nexa,Serbia,2024,0.95,IGL|Pack Rifler|Anchor
Graviti,France,2024,0.94,Pack Rifler|Anchor
FalleN,Brazil,2024,0.94,IGL|AWP
dupreeh,Denmark,2024,0.94,Pack Rifler|Anchor
siuhy,Poland,2024,0.94,IGL|Anchor
isak,Sweden,2024,0.94,Pack Rifler|Anchor
chopper,Russia,2024,0.94,IGL|Anchor
roman,Portugal,2024,0.94,Pack Rifler|Anchor
gla1ve,Denmark,2024,0.94,IGL|Anchor
Goofy,Poland,2024,0.94,Pack Rifler|Anchor
brnz4n,Brazil,2024,0.93,Pack Rifler|Anchor
MAJ3R,Turkey,2024,0.93,IGL|Anchor
MUTiRiS,Portugal,2024,0.93,Pack Rifler|Anchor
aliStair,Australia,2024,0.93,Pack Rifler|Anchor
s1n,Germany,2024,0.93,Pack Rifler|Anchor
chelo,Brazil,2024,0.93,Pack Rifler|Anchor
VINI,Brazil,2024,0.92,Pack Rifler|Anchor
JT,South Africa,2024,0.92,IGL|Pack Rifler|Anchor
Aleksib,Finland,2024,0.91,IGL|Pack Rifler|Anchor
apEX,France,2024,0.90,IGL|Pack Rifler|Anchor
Snax,Poland,2024,0.89,IGL|Anchor
rigoN,Switzerland,2024,0.89,Pack Rifler|Anchor
Keoz,Belgium,2024,0.88,Pack Rifler|Anchor
Vexite,Australia,2024,0.88,Pack Rifler|Anchor
mir,Russia,2024,0.88,Pack Rifler|Anchor
buda,Argentina,2024,0.88,Pack Rifler|Anchor
cadiaN,Denmark,2024,0.88,IGL|AWP|Pack Rifler
dexter,Australia,2024,0.87,IGL|Pack Rifler|Anchor
karrigan,Denmark,2024,0.86,IGL
Liazz,Australia,2024,0.85,Pack Rifler|Anchor
HooXi,Denmark,2024,0.85,IGL|Anchor
Snappi,Denmark,2024,0.82,IGL|Anchor
nafany,Russia,2024,0.81,IGL|Pack Rifler|Anchor
donk,Russia,2025,1.39,Pack Rifler|Anchor
ZywOo,France,2025,1.32,AWP|Pack Rifler|Anchor
m0NESY,Russia,2025,1.24,AWP
KSCERATO,Brazil,2025,1.19,Pack Rifler|Anchor
sh1ro,Russia,2025,1.19,AWP
Twistzz,Canada,2025,1.16,IGL|Pack Rifler|Anchor
ropz,Estonia,2025,1.16,Pack Rifler|Anchor
frozen,Slovakia,2025,1.16,Pack Rifler|Anchor
kyousuke,Russia,2025,1.16,Pack Rifler|Anchor
XANTARES,Turkey,2025,1.14,Pack Rifler
HeavyGod,Israel,2025,1.13,Pack Rifler|Anchor
molodoy,Kazakhstan,2025,1.12,AWP|Pack Rifler
NiKo,Bosnia,2025,1.12,IGL|Pack Rifler|Anchor
Senzu,Mongolia,2025,1.12,Pack Rifler|Anchor
tN1R,Belarus,2025,1.12,Pack Rifler|Anchor
latto,Brazil,2025,1.11,Pack Rifler|Anchor
flameZ,Israel,2025,1.11,Pack Rifler|Anchor
PR,Czechia,2025,1.11,Pack Rifler|Anchor
Spinx,Israel,2025,1.11,Pack Rifler|Anchor
JamYoung,China,2025,1.11,Pack Rifler|Anchor
YEKINDAR,Latvia,2025,1.10,IGL|Pack Rifler|Anchor
MATYS,Slovakia,2025,1.10,Pack Rifler|Anchor
REZ,Sweden,2025,1.10,Pack Rifler|Anchor
Wicadia,Turkey,2025,1.09,Pack Rifler|Anchor
iM,Romania,2025,1.09,IGL|Pack Rifler|Anchor
Grim,USA,2025,1.09,Pack Rifler|Anchor
EliGE,USA,2025,1.09,Pack Rifler
b1t,Ukraine,2025,1.08,Pack Rifler|Anchor
xertioN,Israel,2025,1.08,IGL|Pack Rifler|Anchor
w0nderful,Ukraine,2025,1.08,AWP
npl,Ukraine,2025,1.08,Pack Rifler|Anchor
mezii,UK,2025,1.08,Pack Rifler|Anchor
FL1T,Russia,2025,1.07,Pack Rifler|Anchor
makazze,Kosovo,2025,1.07,Pack Rifler|Anchor
insani,Brazil,2025,1.07,Pack Rifler|Anchor
zont1x,Ukraine,2025,1.06,Pack Rifler|Anchor
Staehr,Denmark,2025,1.06,Pack Rifler|Anchor
torzsi,Hungary,2025,1.06,AWP
jL,Lithuania,2025,1.05,Pack Rifler|Anchor
yuurih,Brazil,2025,1.05,Pack Rifler|Anchor
nqz,Brazil,2025,1.05,Pack Rifler|Anchor
Starry,China,2025,1.05,Pack Rifler|Anchor
z4KR,China,2025,1.05,Pack Rifler|Anchor
mzinho,Mongolia,2025,1.04,Pack Rifler|Anchor
Maka,France,2025,1.04,AWP
stavn,Denmark,2025,1.04,AWP|Pack Rifler|Anchor
xfl0ud,Turkey,2025,1.04,Pack Rifler|Anchor
kensizor,Ukraine,2025,1.04,Pack Rifler|Anchor
nilo,Sweden,2025,1.04,Pack Rifler|Anchor
woxic,Turkey,2025,1.04,AWP
910,Mongolia,2025,1.04,AWP
esenthial,Ukraine,2025,1.04,Pack Rifler|Anchor
fame,Russia,2025,1.04,Pack Rifler|Anchor
Moseyuh,China,2025,1.04,Pack Rifler|Anchor
Jimpphat,Finland,2025,1.04,Pack Rifler|Anchor
dumau,Brazil,2025,1.03,Pack Rifler|Anchor
hallzerk,Norway,2025,1.03,AWP
malbsMd,Guatemala,2025,1.03,Pack Rifler|Anchor
device,Denmark,2025,1.03,AWP
NertZ,Israel,2025,1.02,Pack Rifler|Anchor
jabbi,Denmark,2025,1.02,Pack Rifler|Anchor
broky,Latvia,2025,1.02,AWP|Pack Rifler
rain,Norway,2025,1.02,IGL|Pack Rifler|Anchor
bodyy,France,2025,1.02,Pack Rifler|Anchor
dgt,Uruguay,2025,1.02,Pack Rifler|Anchor
Lake,USA,2025,1.02,Pack Rifler|Anchor
Alkaren,Kazakhstan,2025,1.02,Pack Rifler|Anchor
SunPayus,Spain,2025,1.02,AWP
saadzin,Brazil,2025,1.02,Pack Rifler|Anchor
Tauson,Denmark,2025,1.02,Pack Rifler|Anchor
Lucky,France,2025,1.02,Pack Rifler|Anchor
n1ssim,Brazil,2025,1.02,Pack Rifler|Anchor
degster,Russia,2025,1.01,AWP
slaxz-,Germany,2025,1.01,AWP
jcobbb,Poland,2025,1.01,Pack Rifler|Anchor
Ex3rcice,France,2025,1.01,Pack Rifler|Anchor
hyped,Germany,2025,1.01,Pack Rifler|Anchor
jottAAA,Turkey,2025,1.00,Pack Rifler|Anchor
TeSeS,Denmark,2025,1.00,Pack Rifler|Anchor
magixx,Russia,2025,1.00,IGL|Pack Rifler|Anchor
ultimate,Poland,2025,1.00,AWP
bLitz,Mongolia,2025,1.00,IGL|Anchor
dav1deuS,Chile,2025,0.99,Pack Rifler|Anchor
Mercury,China,2025,0.99,Pack Rifler|Anchor
ICY,Kazakhstan,2025,0.99,Pack Rifler|Anchor
Ag1l,Portugal,2025,0.99,Pack Rifler|Anchor
sl3nd,Hungary,2025,0.98,Pack Rifler|Anchor
Cxzi,USA,2025,0.98,Pack Rifler|Anchor
hades,Poland,2025,0.97,AWP
skullz,Brazil,2025,0.97,Pack Rifler|Anchor
JT,South Africa,2025,0.97,IGL|Pack Rifler|Anchor
Techno,Mongolia,2025,0.97,Pack Rifler|Anchor
story,Portugal,2025,0.97,Pack Rifler|Anchor
huNter-,Bosnia,2025,0.97,IGL|Pack Rifler|Anchor
biguzera,Brazil,2025,0.97,Pack Rifler|Anchor
yxngstxr,Sweden,2025,0.97,Pack Rifler|Anchor
Jee,China,2025,0.97,Pack Rifler|Anchor
FL4MUS,Russia,2025,0.97,Pack Rifler|Anchor
Krimbo,Germany,2025,0.96,Pack Rifler|Anchor
Magisk,Denmark,2025,0.96,IGL|Pack Rifler|Anchor
NAF,Canada,2025,0.96,Pack Rifler|Anchor
Graviti,France,2025,0.96,Pack Rifler|Anchor
kyxsan,North Macedonia,2025,0.96,IGL|Anchor
JDC,Germany,2025,0.96,Pack Rifler|Anchor
electroNic,Russia,2025,0.96,IGL|Pack Rifler|Anchor
alex666,Ukraine,2025,0.95,Pack Rifler|Anchor
tabseN,Germany,2025,0.95,IGL|Pack Rifler|Anchor
zweih,Russia,2025,0.95,Pack Rifler|Anchor
Perfecto,Russia,2025,0.95,IGL|Pack Rifler|Anchor
headtr1ck,Ukraine,2025,0.95,Pack Rifler|Anchor
Brollan,Sweden,2025,0.94,IGL|Pack Rifler|Anchor
jks,Australia,2025,0.94,Pack Rifler|Anchor
snow,Brazil,2025,0.93,Pack Rifler|Anchor
lux,Brazil,2025,0.93,Pack Rifler|Anchor
Westmelon,China,2025,0.93,Pack Rifler|Anchor
nicx,USA,2025,0.92,Pack Rifler|Anchor
s1n,Germany,2025,0.92,Pack Rifler|Anchor
apEX,France,2025,0.92,IGL|Pack Rifler|Anchor
Swisher,USA,2025,0.92,Pack Rifler|Anchor
MUTiRiS,Portugal,2025,0.92,Pack Rifler|Anchor
saffee,Brazil,2025,0.92,Pack Rifler|Anchor
kyuubii,Germany,2025,0.91,Pack Rifler|Anchor
HooXi,Denmark,2025,0.91,IGL|Anchor
exit,Brazil,2025,0.91,Pack Rifler|Anchor
chelo,Brazil,2025,0.91,Pack Rifler|Anchor
Aleksib,Finland,2025,0.90,IGL|Pack Rifler|Anchor
FalleN,Brazil,2025,0.90,IGL|AWP
EmiliaQAQ,China,2025,0.90,Pack Rifler|Anchor
Snax,Poland,2025,0.90,IGL|Anchor
hypex,Poland,2025,0.89,Pack Rifler|Anchor
siuhy,Poland,2025,0.89,IGL|Anchor
Lucaozy,Brazil,2025,0.89,Pack Rifler|Anchor
chopper,Russia,2025,0.89,IGL|Anchor
LNZ,Sweden,2025,0.89,IGL|Pack Rifler|Anchor
brnz4n,Brazil,2025,0.89,Pack Rifler|Anchor
kauez,Brazil,2025,0.88,Pack Rifler|Anchor
C4LLM3SU3,China,2025,0.88,Pack Rifler|Anchor
ztr,Sweden,2025,0.86,Anchor
Attacker,China,2025,0.86,Pack Rifler|Anchor
MAJ3R,Turkey,2025,0.86,IGL|Anchor
karrigan,Denmark,2025,0.85,IGL
cadiaN,Denmark,2025,0.84,IGL|AWP|Pack Rifler
